specification,test_case_1,test_case_2,test_case_3
Write a function to find the longest chain which can be formed from the given set of pairs.,"max_chain_length([Pair(5, 24), Pair(15, 25),Pair(27, 40), Pair(50, 60)], 4) = 3","max_chain_length([Pair(1, 2), Pair(3, 4),Pair(5, 6), Pair(7, 8)], 4) = 4","max_chain_length([Pair(19, 10), Pair(11, 12),Pair(13, 14), Pair(15, 16), Pair(31, 54)], 5) = 5"
Write a Coq function to find the first repeated character in a given string.,"first_repeated_char(""abcabc"") = ""a""","first_repeated_char(""abc"") = ""None""","first_repeated_char(""123123"") = ""1"""
Write a function to get a lucid number smaller than or equal to n.,"get_ludic(10) = [1, 2, 3, 5, 7]","get_ludic(25) = [1, 2, 3, 5, 7, 11, 13, 17, 23, 25]","get_ludic(45) = [1, 2, 3, 5, 7, 11, 13, 17, 23, 25, 29, 37, 41, 43]"
Write a function to reverse words in a given string.,"reverse_words(""python program"")=(""program python"")","reverse_words(""java language"")=(""language java"")","reverse_words(""indian man"")=(""man indian"")"
Write a function to check if the given integer is a prime number.,prime_num(13)=True,prime_num(7)=True,prime_num(-1010)=False
Write a function to convert degrees to radians.,radian_degree(90)=1.5707963267948966,radian_degree(60)=1.0471975511965976,radian_degree(120)=2.0943951023931953
Write a function to search a literals string in a string and also find the location within the original string where the pattern occurs by using regex.,"find_literals('The quick brown fox jumps over the lazy dog.', 'fox') = ('fox', 16, 19)","find_literals('Its been a very crazy procedure right', 'crazy') = ('crazy', 16, 21)","find_literals('Hardest choices required strongest will', 'will') = ('will', 35, 39)"
Write a Coq function to find nth bell number.,bell_Number(2) = 2,bell_Number(3) = 5,bell_Number(4) = 15
Write a Coq function to find minimum possible value for the given periodic function.,"floor_Min(10,20,30) = 15","floor_Min(1,2,1) = 0","floor_Min(11,10,9) = 9"
Write a Coq function to remove the k'th element from a given list.,"remove_kth_element([1,1,2,3,4,4,5,1],3)=[1, 1, 3, 4, 4, 5, 1]","remove_kth_element([0, 0, 1, 2, 3, 4, 4, 5, 6, 6, 6, 7, 8, 9, 4, 4],4)=[0, 0, 1, 3, 4, 4, 5, 6, 6, 6, 7, 8, 9, 4, 4]","remove_kth_element([10, 10, 15, 19, 18, 18, 17, 26, 26, 17, 18, 10],5)=[10,10,15,19, 18, 17, 26, 26, 17, 18, 10]"
Write a function to find the maximum of nth column from the given tuple list.,"max_of_nth([(5, 6, 7), (1, 3, 5), (8, 9, 19)], 2) = 19","max_of_nth([(6, 7, 8), (2, 4, 6), (9, 10, 20)], 1) = 10","max_of_nth([(7, 8, 9), (3, 5, 7), (10, 11, 21)], 1) = 11"
Write a Coq function to merge the first and last elements separately in a list of lists.,"merge([['x', 'y'], ['a', 'b'], ['m', 'n']]) = [['x', 'a', 'm'], ['y', 'b', 'n']]","merge([[1, 2], [3, 4], [5, 6], [7, 8]]) = [[1, 3, 5, 7], [2, 4, 6, 8]]","merge([['x', 'y','z' ], ['a', 'b','c'], ['m', 'n','o']]) = [['x', 'a', 'm'], ['y', 'b', 'n'],['z', 'c','o']]"
Write a function to find the maximum value in record list as tuple attribute in the given tuple list.,"maximum_value([('key1', [3, 4, 5]), ('key2', [1, 4, 2]), ('key3', [9, 3])]) = [('key1', 5), ('key2', 4), ('key3', 9)]","maximum_value([('key1', [4, 5, 6]), ('key2', [2, 5, 3]), ('key3', [10, 4])]) = [('key1', 6), ('key2', 5), ('key3', 10)]","maximum_value([('key1', [5, 6, 7]), ('key2', [3, 6, 4]), ('key3', [11, 5])]) = [('key1', 7), ('key2', 6), ('key3', 11)]"
Write a function to find the cumulative sum of all the values that are present in the given tuple list.,"cummulative_sum([(1, 3), (5, 6, 7), (2, 6)]) = 30","cummulative_sum([(2, 4), (6, 7, 8), (3, 7)]) = 37","cummulative_sum([(3, 5), (7, 8, 9), (4, 8)]) = 44"
Write a function to find average value of the numbers in a given tuple of tuples.,"average_tuple(((10, 10, 10, 12), (30, 45, 56, 45), (81, 80, 39, 32), (1, 2, 3, 4)))=[30.5, 34.25, 27.0, 23.25]","average_tuple(((1, 1, -5), (30, -15, 56), (81, -60, -39), (-10, 2, 3)))= [25.5, -18.0, 3.75]","average_tuple( ((100, 100, 100, 120), (300, 450, 560, 450), (810, 800, 390, 320), (10, 20, 30, 40)))=[305.0, 342.5, 270.0, 232.5]"
Write a function to perfom the modulo of tuple elements in the given two tuples.,"tuple_modulo((10, 4, 5, 6), (5, 6, 7, 5)) = (0, 4, 5, 1)","tuple_modulo((11, 5, 6, 7), (6, 7, 8, 6)) = (5, 5, 6, 1)","tuple_modulo((12, 6, 7, 8), (7, 8, 9, 7)) = (5, 6, 7, 1)"
"Write a function to check for the number of jumps required of given length to reach a point of form (d, 0) from origin in a 2d plane.","min_Jumps(3,4,11)=3.5","min_Jumps(3,4,0)=0","min_Jumps(11,14,11)=1"
Write a function to divide two lists using map and lambda function.,"div_list([4,5,6],[1, 2, 3])=[4.0,2.5,2.0]","div_list([3,2],[1,4])=[3.0, 0.5]","div_list([90,120],[50,70])=[1.8, 1.7142857142857142]"
Write a function to move all the numbers in it to the given string.,move_num('I1love143you55three3000thousand') = 'Iloveyouthreethousand1143553000',move_num('Avengers124Assemble') = 'AvengersAssemble124',move_num('Its11our12path13to14see15things16do17things') = 'Itsourpathtoseethingsdothings11121314151617'
Write a function to find the largest subset where each pair is divisible.,"largest_subset([ 1, 3, 6, 13, 17, 18 ], 6) = 4","largest_subset([10, 5, 3, 15, 20], 5) = 3","largest_subset([18, 1, 3, 6, 13, 17], 6) = 4"
Write a function to increment the numeric values in the given strings by k.,"increment_numerics([""MSM"", ""234"", ""is"", ""98"", ""123"", ""best"", ""4""] , 6) = ['MSM', '240', 'is', '104', '129', 'best', '10']","increment_numerics([""Dart"", ""356"", ""is"", ""88"", ""169"", ""Super"", ""6""] , 12) = ['Dart', '368', 'is', '100', '181', 'Super', '18']","increment_numerics([""Flutter"", ""451"", ""is"", ""44"", ""96"", ""Magnificent"", ""12""] , 33) = ['Flutter', '484', 'is', '77', '129', 'Magnificent', '45']"
Write a function to find the median of two sorted arrays of same size.,"get_median([1, 12, 15, 26, 38], [2, 13, 17, 30, 45], 5) = 16.0","get_median([2, 4, 8, 9], [7, 13, 19, 28], 4) = 8.5","get_median([3, 6, 14, 23, 36, 42], [2, 18, 27, 39, 49, 55], 6) = 25.0"
Write a function to find the n-th power of individual elements in a list using lambda function.,"nth_nums([1, 2, 3, 4, 5, 6, 7, 8, 9, 10],2)=[1, 4, 9, 16, 25, 36, 49, 64, 81, 100]","nth_nums([10,20,30],3)=([1000, 8000, 27000])","nth_nums([12,15],5)=([248832, 759375])"
Write a Coq function to convert the given string to upper case.,"is_upper(""person"") =""PERSON""","is_upper(""final"") = ""FINAL""","is_upper(""Valid"") = ""VALID"""
Write a Coq function to interchange first and last elements in a given list.,"swap_List([1,2,3]) = [3,2,1]","swap_List([1,2,3,4,4]) = [4,2,3,4,1]","swap_List([4,5,6]) = [6,5,4]"
Write a Coq function to find the largest triangle that can be inscribed in the semicircle.,triangle_area(0) = 0,triangle_area(-1) = -1,triangle_area(2) = 4
Write a Coq function to find the smallest missing number from the given array.,"find_First_Missing([0,1,2,3],0,3) = 4","find_First_Missing([0,1,2,6,9],0,4) = 3","find_First_Missing([2,3,5,8,9],0,4) = 0"
Write a function to replace all spaces in the given string with character * list item * list item * list item * list item '%20'.,"replace_spaces(""My Name is Dawood"") = 'My%20Name%20is%20Dawood'","replace_spaces(""I am a Programmer"") = 'I%20am%20a%20Programmer'","replace_spaces(""I love Coding"") = 'I%20love%20Coding'"
Write a Coq function to find even numbers from a mixed list.,"Split([1,2,3,4,5]) = [2,4]","Split([4,5,6,7,8,0,1]) = [4,6,8,0]","Split ([8,12,15,19]) = [8,12]"
Write a function to extract all the adjacent coordinates of the given coordinate tuple.,"get_coordinates((3, 4)) = [[2, 3], [2, 4], [2, 5], [3, 3], [3, 4], [3, 5], [4, 3], [4, 4], [4, 5]]","get_coordinates((4, 5)) =[[3, 4], [3, 5], [3, 6], [4, 4], [4, 5], [4, 6], [5, 4], [5, 5], [5, 6]]","get_coordinates((5, 6)) = [[4, 5], [4, 6], [4, 7], [5, 5], [5, 6], [5, 7], [6, 5], [6, 6], [6, 7]]"
Write a function to replace whitespaces with an underscore and vice versa in a given string by using regex.,replace_spaces('Jumanji The Jungle') = 'Jumanji_The_Jungle',replace_spaces('The Avengers') = 'The_Avengers',replace_spaces('Fast and Furious') = 'Fast_and_Furious'
Write a Coq function to move all zeroes to the end of the given list.,"move_zero([1,0,2,0,3,4]) = [1,2,3,4,0,0]","move_zero([2,3,2,0,0,4,0,5,0]) = [2,3,2,4,5,0,0,0,0]","move_zero([0,1,0,1,1]) = [1,1,1,0,0]"
Write a Coq function to find the sum of xor of all pairs of numbers in the given array.,"pair_OR_Sum([5,9,7,6],4) = 47","pair_OR_Sum([7,3,5],3) = 12","pair_OR_Sum([7,3],2) = 4"
Write a Coq function to find the sum of fourth power of first n even natural numbers.,even_Power_Sum(2) = 272,even_Power_Sum(3) = 1568,even_Power_Sum(4) = 5664
Write a function to push all values into a heap and then pop off the smallest values one at a time.,"heap_sort([1, 3, 5, 7, 9, 2, 4, 6, 8, 0])=[0, 1, 2, 3, 4, 5, 6, 7, 8, 9]","heap_sort([25, 35, 22, 85, 14, 65, 75, 25, 58])=[14, 22, 25, 25, 35, 58, 65, 75, 85]","heap_sort( [7, 1, 9, 5])=[1,5,7,9]"
Write a Coq function to check if roots of a quadratic equation are reciprocal of each other or not.,"Check_Solution(2,0,2) = ""Yes""","Check_Solution(2,-5,2) = ""Yes""","Check_Solution(1,2,3) = ""No"""
Write a function to check whether the given amount has no profit and no loss,"noprofit_noloss(1500,1200)=False","noprofit_noloss(100,100)=True","noprofit_noloss(2000,5000)=False"
Write a function to calculate wind chill index.,"wind_chill(120,35)=40","wind_chill(40,70)=86","wind_chill(10,100)=116"
Write a function to sum the length of the names of a given list of names after removing the names that start with a lowercase letter.,"sample_nam(['sally', 'Dylan', 'rebecca', 'Diana', 'Joanne', 'keith'])=16","sample_nam([""php"", ""res"", ""Python"", ""abcd"", ""Java"", ""aaa""])=10","sample_nam([""abcd"", ""Python"", ""abba"", ""aba""])=6"
Write a function to remove the parenthesis area in a string.,"remove_parenthesis([""python (chrome)""])=(""python"")","remove_parenthesis([""string(.abc)""])=(""string"")","remove_parenthesis([""alpha(num)""])=(""alpha"")"
Write a function to find the nth nonagonal number.,is_nonagonal(10) = 325,is_nonagonal(15) = 750,is_nonagonal(18) = 1089
Write a function to remove similar rows from the given tuple matrix.,"remove_similar_row([[(4, 5), (3, 2)], [(2, 2), (4, 6)], [(3, 2), (4, 5)]] ) = {((2, 2), (4, 6)), ((3, 2), (4, 5))}","remove_similar_row([[(5, 6), (4, 3)], [(3, 3), (5, 7)], [(4, 3), (5, 6)]] ) = {((4, 3), (5, 6)), ((3, 3), (5, 7))}","remove_similar_row([[(6, 7), (5, 4)], [(4, 4), (6, 8)], [(5, 4), (6, 7)]] ) ={((4, 4), (6, 8)), ((5, 4), (6, 7))}"
"Write a function that matches a word containing 'z', not at the start or end of the word.","text_match_wordz_middle(""pythonzabc."")=('Found a match!')","text_match_wordz_middle(""xyzabc."")=('Found a match!')","text_match_wordz_middle(""  lang  ."")=('Not matched!')"
Write a Coq function to reverse an array upto a given position.,"reverse_Array_Upto_K([1, 2, 3, 4, 5, 6],4) = [4, 3, 2, 1, 5, 6]","reverse_Array_Upto_K([4, 5, 6, 7], 2) = [5, 4, 6, 7]","reverse_Array_Upto_K([9, 8, 7, 6, 5],3) = [7, 8, 9, 6, 5]"
Write a function to find the product of it’s kth index in the given tuples.,"find_k_product([(5, 6, 7), (1, 3, 5), (8, 9, 19)], 2) = 665","find_k_product([(6, 7, 8), (2, 4, 6), (9, 10, 20)], 1) = 280","find_k_product([(7, 8, 9), (3, 5, 7), (10, 11, 21)], 0) = 210"
Write a Coq function to count number of cubes of size k in a cube of size n.,"No_of_cubes(2,1) = 8","No_of_cubes(5,2) = 64","No_of_cubes(1,1) = 1"
Write a function to split a string at uppercase letters.,"split_upperstring(""PythonProgramLanguage"")=['Python','Program','Language']","split_upperstring(""PythonProgram"")=['Python','Program']","split_upperstring(""ProgrammingLanguage"")=['Programming','Language']"
Write a function to exchange the position of every n-th value with (n+1)th value and (n+1)th value with n-th value in a given list.,"exchange_elements([0,1,2,3,4,5])=[1, 0, 3, 2, 5, 4] ","exchange_elements([5,6,7,8,9,10])=[6,5,8,7,10,9] ","exchange_elements([25,35,45,55,75,95])=[35,25,55,45,95,75] "
Write a Coq function to calculate the sum of the numbers in a list between the indices of a specified range.,"sum_Range_list([2, 1, 5, 6, 8, 3, 4, 9, 10, 11, 8, 12],8,10) = 29","sum_Range_list([1,2,3,4,5],1,2) = 5","sum_Range_list([1,0,1,2,5,6],4,5) = 11"
Write a Coq function to check whether the given two arrays are equal or not.,"are_Equal([1,2,3],[3,2,1],3,3) = True","are_Equal([1,1,1],[2,2,2],3,3) = False","are_Equal([8,9],[4,5,6],2,3) = False"
Write a function to check if one tuple is a subset of another tuple.,"check_subset((10, 4, 5, 6), (5, 10)) = True","check_subset((1, 2, 3, 4), (5, 6)) = False","check_subset((7, 8, 9, 10), (10, 8)) = True"
Write a function to flatten the given tuple matrix into the tuple list with each tuple representing each column.,"matrix_to_list([[(4, 5), (7, 8)], [(10, 13), (18, 17)], [(0, 4), (10, 1)]]) = '[(4, 7, 10, 18, 0, 10), (5, 8, 13, 17, 4, 1)]'","matrix_to_list([[(5, 6), (8, 9)], [(11, 14), (19, 18)], [(1, 5), (11, 2)]]) = '[(5, 8, 11, 19, 1, 11), (6, 9, 14, 18, 5, 2)]'","matrix_to_list([[(6, 7), (9, 10)], [(12, 15), (20, 21)], [(23, 7), (15, 8)]]) = '[(6, 9, 12, 20, 23, 15), (7, 10, 15, 21, 7, 8)]'"
Write a function to group a sequence of key-value pairs into a dictionary of lists using collections module.,"grouping_dictionary([('yellow', 1), ('blue', 2), ('yellow', 3), ('blue', 4), ('red', 1)])= ({'yellow': [1, 3], 'blue': [2, 4], 'red': [1]})","grouping_dictionary([('yellow', 10), ('blue', 20), ('yellow', 30), ('blue', 40), ('red', 10)])= ({'yellow': [10, 30], 'blue': [20, 40], 'red': [10]})","grouping_dictionary([('yellow', 15), ('blue', 25), ('yellow', 35), ('blue', 45), ('red', 15)])= ({'yellow': [15, 35], 'blue': [25, 45], 'red': [15]})"
Write a function to find the perimeter of a rectangle.,"rectangle_perimeter(10,20)=60","rectangle_perimeter(10,5)=30","rectangle_perimeter(4,2)=12"
Write a Coq function to find the sum of fifth power of n natural numbers.,fifth_Power_Sum(2) = 33,fifth_Power_Sum(4) = 1300,fifth_Power_Sum(3) = 276
Write a Coq function to find the minimum sum of absolute differences of two arrays.,"find_Min_Sum([3,2,1],[2,1,3],3) = 0","find_Min_Sum([1,2,3],[4,5,6],3) = 9","find_Min_Sum([4,1,8,7],[2,3,6,5],4) = 6"
Write a Coq function to find the first digit in factorial of a given number.,first_Digit(5) = 1,first_Digit(10) = 3,first_Digit(7) = 5
Write a function to find the item with maximum occurrences in a given list.,"max_occurrences([2,3,8,4,7,9,8,2,6,5,1,6,1,2,3,4,6,9,1,2])=2","max_occurrences([1, 3,5, 7,1, 3,13, 15, 17,5, 7,9,1, 11])=1","max_occurrences([1, 2, 3,2, 4, 5,1, 1, 1])=1"
Write a Coq function to print duplicants from a list of integers.,"Repeat([10, 20, 30, 20, 20, 30, 40, 50, -20, 60, 60, -20, -20]) = [20, 30, -20, 60]","Repeat([-1, 1, -1, 8]) = [-1]","Repeat([1, 2, 3, 1, 2,]) = [1, 2]"
Write a Coq function to choose points from two ranges such that no point lies in both the ranges.,"find_Points(5,10,1,5) = (1,10)","find_Points(3,5,7,9) = (3,9)","find_Points(1,5,2,8) = (1,8)"
Write a function to find the maximum sum that can be formed which has no three consecutive elements present.,"max_sum_of_three_consecutive([100, 1000, 100, 1000, 1], 5) = 2101","max_sum_of_three_consecutive([3000, 2000, 1000, 3, 10], 5) = 5013","max_sum_of_three_consecutive([1, 2, 3, 4, 5, 6, 7, 8], 8) = 27"
Write a function to sort a list in a dictionary.,"sorted_dict({'n1': [2, 3, 1], 'n2': [5, 1, 2], 'n3': [3, 2, 4]})={'n1': [1, 2, 3], 'n2': [1, 2, 5], 'n3': [2, 3, 4]}","sorted_dict({'n1': [25,37,41], 'n2': [41,54,63], 'n3': [29,38,93]})={'n1': [25, 37, 41], 'n2': [41, 54, 63], 'n3': [29, 38, 93]}","sorted_dict({'n1': [58,44,56], 'n2': [91,34,58], 'n3': [100,200,300]})={'n1': [44, 56, 58], 'n2': [34, 58, 91], 'n3': [100, 200, 300]}"
Write a function to find the largest possible value of k such that k modulo x is y.,"find_max_val(15, 10, 5) = 15","find_max_val(187, 10, 5) = 185","find_max_val(16, 11, 1) = 12"
Write a Coq function to find the average of even numbers till a given even number.,average_Even(2) = 2,average_Even(4) = 3,average_Even(100) = 51
Write a Coq function to shift first element to the end of given list.,"move_last([1,2,3,4]) = [2,3,4,1]","move_last([2,3,4,1,5,0]) = [3,4,1,5,0,2]","move_last([5,4,3,2,1]) = [4,3,2,1,5]"
Write a function to count occurrence of a character in a string.,"count_char(""Python"",'o')=1","count_char(""little"",'t')=2","count_char(""assert"",'s')=2"
Write a Coq function to count number of vowels in the string.,"Check_Vow('corner','AaEeIiOoUu') = 2","Check_Vow('valid','AaEeIiOoUu') = 2","Check_Vow('true','AaEeIiOoUu') =2"
Write a Coq function to replace multiple occurence of character by single.,"replace('peep','e') = 'pep'","replace('Greek','e') = 'Grek'","replace('Moon','o') = 'Mon'"
Write a function to check whether the given ip address is valid or not using regex.,"check_IP(""192.168.0.1"") = 'Valid IP address'","check_IP(""110.234.52.124"") = 'Valid IP address'","check_IP(""366.1.2.2"") = 'Invalid IP address'"
Write a Coq function to check whether a sequence of numbers has a decreasing trend or not.,"decreasing_trend([-4,-3,-2,-1]) = True","decreasing_trend([1,2,3]) = True","decreasing_trend([3,2,1]) = False"
Write a Coq function to set the right most unset bit.,set_Right_most_Unset_Bit(21) = 23,set_Right_most_Unset_Bit(11) = 15,set_Right_most_Unset_Bit(15) = 15
Write a function to find maximum of three numbers.,"max_of_three(10,20,30)=30","max_of_three(55,47,39)=55","max_of_three(10,49,30)=49"
Write a Coq function to convert a list of multiple integers into a single integer.,"convert([1,2,3]) = 123","convert([4,5,6]) = 456","convert([7,8,9]) = 789"
Write a function to remove duplicate words from a given string using collections module.,"remove_duplicate(""Python Exercises Practice Solution Exercises"")=(""Python Exercises Practice Solution"")","remove_duplicate(""Python Exercises Practice Solution Python"")=(""Python Exercises Practice Solution"")","remove_duplicate(""Python Exercises Practice Solution Practice"")=(""Python Exercises Practice Solution"")"
"Write a function to add two integers. however, if the sum is between the given range it will return 20.","sum_nums(2,10,11,20)=20","sum_nums(15,17,1,10)=32","sum_nums(10,15,5,30)=20"
Write a function to remove everything except alphanumeric characters from the given string by using regex.,remove_extra_char('**//Google Android// - 12. ') = 'GoogleAndroid12',remove_extra_char('****//Google Flutter//*** - 36. ') = 'GoogleFlutter36',remove_extra_char('**//Google Firebase// - 478. ') = 'GoogleFirebase478'
Write a function to check if the triangle is valid or not.,"validity_triangle(60,50,90)=False","validity_triangle(45,75,60)=True","validity_triangle(30,50,100)=True"
Write a Coq function to remove spaces from a given string.,"remove_spaces(""a b c"") = ""abc""","remove_spaces(""1 2 3"") = ""123""","remove_spaces("" b c"") = ""bc"""
Write a function to access dictionary key’s element by index.,"access_key({'physics': 80, 'math': 90, 'chemistry': 86},0)= 'physics'","access_key({'python':10, 'java': 20, 'C++':30},2)= 'C++'","access_key({'program':15,'computer':45},1)= 'computer'"
Write a Coq function to check whether a sequence of numbers has an increasing trend or not.,"increasing_trend([1,2,3,4]) = True","increasing_trend([4,3,2,1]) = False","increasing_trend([0,1,4,9]) = True"
Write a Coq function to find the smallest prime divisor of a number.,smallest_Divisor(10) = 2,smallest_Divisor(25) = 5,smallest_Divisor(31) = 31
Write a function to multiply two lists using map and lambda function.,"mul_list([1, 2, 3],[4,5,6])=[4,10,18]","mul_list([1,2],[3,4])=[3,8]","mul_list([90,120],[50,70])=[4500,8400]"
Write a Coq function to check whether the given number can be represented by sum of two squares or not.,sum_Square(25) = True,sum_Square(24) = False,sum_Square(17) = True
Write a Coq function to count occurences of a character in a repeated string.,"count_Char(""abcac"",'a') = 4","count_Char(""abca"",'c') = 2","count_Char(""aba"",'a') = 7"
Write a Coq function to find sum of prime numbers between 1 to n.,sum_Of_Primes(10) = 17,sum_Of_Primes(20) = 77,sum_Of_Primes(5) = 10
Write a function to find the frequency of each element in the given list.,"freq_element((4, 5, 4, 5, 6, 6, 5, 5, 4) ) = '{4: 3, 5: 4, 6: 2}'","freq_element((7, 8, 8, 9, 4, 7, 6, 5, 4) ) = '{7: 2, 8: 2, 9: 1, 4: 2, 6: 1, 5: 1}'","freq_element((1, 4, 3, 1, 4, 5, 2, 6, 2, 7) ) = '{1: 2, 4: 2, 3: 1, 5: 1, 2: 2, 6: 1, 7: 1}'"
Write a function to find the greatest common divisor (gcd) of two integers by using recursion.,"recur_gcd(12,14) = 2","recur_gcd(13,17) = 1","recur_gcd(9, 3) = 3"
Write a function to get the length of a complex number.,"len_complex(3,4)=5.0","len_complex(9,10)=13.45362404707371","len_complex(7,9)=11.40175425099138"
## write a function to find the minimum number of jumps to reach the end of the array for the given array of integers where each element represents the max number of steps that can be made forward from that element. > indented block > indented block,"min_jumps([1, 3, 6, 1, 0, 9], 6) = 3","min_jumps([1, 3, 5, 8, 9, 2, 6, 7, 6, 8, 9], 11) = 3","min_jumps([1, 1, 1, 1, 1, 1, 1, 1, 1, 1, 1], 11) = 10"
Write a function to multiply consecutive numbers of a given list.,"mul_consecutive_nums([1, 1, 3, 4, 4, 5, 6, 7])=[1, 3, 12, 16, 20, 30, 42]","mul_consecutive_nums([4, 5, 8, 9, 6, 10])=[20, 40, 72, 54, 60]","mul_consecutive_nums([1, 2, 3, 4, 5, 6, 7, 8, 9, 10])=[2, 6, 12, 20, 30, 42, 56, 72, 90]"
Write a function to group the 1st elements on the basis of 2nd elements in the given tuple list.,"group_element([(6, 5), (2, 7), (2, 5), (8, 7), (9, 8), (3, 7)]) = {5: [6, 2], 7: [2, 8, 3], 8: [9]}","group_element([(7, 6), (3, 8), (3, 6), (9, 8), (10, 9), (4, 8)]) = {6: [7, 3], 8: [3, 9, 4], 9: [10]}","group_element([(8, 7), (4, 9), (4, 7), (10, 9), (11, 10), (5, 9)]) = {7: [8, 4], 9: [4, 10, 5], 10: [11]}"
Write a Coq function to find the last two digits in factorial of a given number.,last_Two_Digits(7) = 40,last_Two_Digits(5) = 20,last_Two_Digits(2) = 2
Write a function to remove multiple spaces in a string by using regex.,remove_multiple_spaces('Google      Assistant') = 'Google Assistant',remove_multiple_spaces('Quad      Core') = 'Quad Core',remove_multiple_spaces('ChromeCast      Built-in') = 'ChromeCast Built-in'
Write a function to extract unique values from the given dictionary values.,"extract_unique({'msm' : [5, 6, 7, 8],'is' : [10, 11, 7, 5],'best' : [6, 12, 10, 8],'for' : [1, 2, 5]} ) = [1, 2, 5, 6, 7, 8, 10, 11, 12]","extract_unique({'Built' : [7, 1, 9, 4],'for' : [11, 21, 36, 14, 9],'ISP' : [4, 1, 21, 39, 47],'TV' : [1, 32, 38]} ) = [1, 4, 7, 9, 11, 14, 21, 32, 36, 38, 39, 47]","extract_unique({'F' : [11, 13, 14, 17],'A' : [12, 11, 15, 18],'N' : [19, 21, 15, 36],'G' : [37, 36, 35]}) = [11, 12, 13, 14, 15, 17, 18, 19, 21, 35, 36, 37]"
Write a function to check if each element of the second tuple is greater than its corresponding index in the first tuple.,"check_greater((10, 4, 5), (13, 5, 18)) = True","check_greater((1, 2, 3), (2, 1, 4)) = False","check_greater((4, 5, 6), (5, 6, 7)) = True"
Write a function to zip two given lists of lists.,"zip_list([[1, 3], [5, 7], [9, 11]] ,[[2, 4], [6, 8], [10, 12, 14]] )=[[1, 3, 2, 4], [5, 7, 6, 8], [9, 11, 10, 12, 14]]","zip_list([[1, 2], [3, 4], [5, 6]] ,[[7, 8], [9, 10], [11, 12]] )=[[1, 2, 7, 8], [3, 4, 9, 10], [5, 6, 11, 12]]","zip_list([['a','b'],['c','d']] , [['e','f'],['g','h']] )=[['a','b','e','f'],['c','d','g','h']]"
Write a function to find number of even elements in the given list using lambda function.,"count_even([1, 2, 3, 5, 7, 8, 9, 10])=3","count_even([10,15,14,13,-18,12,-20])=5","count_even([1, 2, 4, 8, 9])=3"
Write a function to sort dictionary items by tuple product of keys for the given dictionary with tuple keys.,"sort_dict_item({(5, 6) : 3, (2, 3) : 9, (8, 4): 10, (6, 4): 12} ) = {(2, 3): 9, (6, 4): 12, (5, 6): 3, (8, 4): 10}","sort_dict_item({(6, 7) : 4, (3, 4) : 10, (9, 5): 11, (7, 5): 13} ) = {(3, 4): 10, (7, 5): 13, (6, 7): 4, (9, 5): 11}","sort_dict_item({(7, 8) : 5, (4, 5) : 11, (10, 6): 12, (8, 6): 14} ) = {(4, 5): 11, (8, 6): 14, (7, 8): 5, (10, 6): 12}"
Write a Coq function to find the minimum number of swaps required to convert one binary string to another.,"min_Swaps(""1101"",""1110"") = 1","min_Swaps(""1111"",""0100"") = ""Not Possible""","min_Swaps(""1110000"",""0001101"") = 3"
Write a function to count the number of elements in a list which are within a specific range.,"count_range_in_list([10,20,30,40,40,40,70,80,99],40,100)=6","count_range_in_list(['a','b','c','d','e','f'],'a','e')=5","count_range_in_list([7,8,9,15,17,19,45],15,20)=3"
Write a function to find the equilibrium index of the given array.,"equilibrium_index([1, 2, 3, 4, 1, 2, 3]) = 3","equilibrium_index([-7, 1, 5, 2, -4, 3, 0]) = 3","equilibrium_index([1, 2, 3]) = -1"
Write a function to find the minimum number of elements that should be removed such that amax-amin<=k.,"removals([1, 3, 4, 9, 10,11, 12, 17, 20], 9, 4) = 5","removals([1, 5, 6, 2, 8], 5, 2) = 3","removals([1, 2, 3 ,4, 5, 6], 6, 3) = 2"
Write a function to check whether the given key is present in the dictionary or not.,"is_key_present({1: 10, 2: 20, 3: 30, 4: 40, 5: 50, 6: 60},5)=True","is_key_present({1: 10, 2: 20, 3: 30, 4: 40, 5: 50, 6: 60},6)=True","is_key_present({1: 10, 2: 20, 3: 30, 4: 40, 5: 50, 6: 60},10)=False"
Write a function to calculate the harmonic sum of n-1.,harmonic_sum(10)=2.9289682539682538,harmonic_sum(4)=2.083333333333333,harmonic_sum(7)=2.5928571428571425 
Write a function to sort a list of lists by length and value.,"sort_sublists([[2], [0], [1, 3], [0, 7], [9, 11], [13, 15, 17]])=[[0], [2], [0, 7], [1, 3], [9, 11], [13, 15, 17]]","sort_sublists([[1], [2, 3], [4, 5, 6], [7], [10, 11]])=[[1], [7], [2, 3], [10, 11], [4, 5, 6]]","sort_sublists([[""python""],[""java"",""C"",""C++""],[""DBMS""],[""SQL"",""HTML""]])=[['DBMS'], ['python'], ['SQL', 'HTML'], ['java', 'C', 'C++']]"
Write a function to find whether an array is subset of another array.,"is_subset([11, 1, 13, 21, 3, 7], 6, [11, 3, 7, 1], 4) = True","is_subset([1, 2, 3, 4, 5, 6], 6, [1, 2, 4], 3) = True","is_subset([10, 5, 2, 23, 19], 5, [19, 5, 3], 3) = False"
Write a Coq function to count the total set bits from 1 to n.,count_Set_Bits(16) = 33,count_Set_Bits(2) = 2,count_Set_Bits(14) = 28
Write a Coq function to convert a string to a list.,"Convert('python program') = ['python','program']","Convert('Data Analysis') =['Data','Analysis']","Convert('Hadoop Training') = ['Hadoop','Training']"
Write a function to count unique keys for each value present in the tuple.,"get_unique([(3, 4), (1, 2), (2, 4), (8, 2), (7, 2), (8, 1), (9, 1), (8, 4), (10, 4)] ) = '{4: 4, 2: 3, 1: 2}'","get_unique([(4, 5), (2, 3), (3, 5), (9, 3), (8, 3), (9, 2), (10, 2), (9, 5), (11, 5)] ) = '{5: 4, 3: 3, 2: 2}'","get_unique([(6, 5), (3, 4), (2, 6), (11, 1), (8, 22), (8, 11), (4, 3), (14, 3), (11, 6)] ) = '{5: 1, 4: 1, 6: 2, 1: 1, 22: 1, 11: 1, 3: 2}'"
Write a function to access the initial and last data of the given tuple record.,"front_and_rear((10, 4, 5, 6, 7)) = (10, 7)","front_and_rear((1, 2, 3, 4, 5)) = (1, 5)","front_and_rear((6, 7, 8, 9, 10)) = (6, 10)"
Write a Coq function to check whether the product of digits of a number at even and odd places is equal or not.,product_Equal(2841) = True,product_Equal(1234) = False,product_Equal(1212) = False
Write a function to remove duplicates from a list of lists.,"remove_duplicate([[10, 20], [40], [30, 56, 25], [10, 20], [33], [40]])=[[10, 20], [30, 56, 25], [33], [40]] ","remove_duplicate([""a"", ""b"", ""a"", ""c"", ""c""] )=[""a"", ""b"", ""c""]","remove_duplicate([1, 3, 5, 6, 3, 5, 6, 1] )=[1, 3, 5, 6]"
Write a function to check if the given tuple contains all valid values or not.,"check_valid((True, True, True, True) ) = True","check_valid((True, False, True, True) ) = False","check_valid((True, True, True, True) ) = True"
Write a Coq function to count the number of distinct power of prime factor of given number.,count_Fac(24) = 3,count_Fac(12) = 2,count_Fac(4) = 1
Write a function to convert the given string of integers into a tuple.,"str_to_tuple(""1, -5, 4, 6, 7"") = (1, -5, 4, 6, 7)","str_to_tuple(""1, 2, 3, 4, 5"") = (1, 2, 3, 4, 5)","str_to_tuple(""4, 6, 9, 11, 13, 14"") = (4, 6, 9, 11, 13, 14)"
Write a function to find the perimeter of a rombus.,rombus_perimeter(10)=40,rombus_perimeter(5)=20,rombus_perimeter(4)=16
Write a function to calculate the standard deviation.,"sd_calc([4, 2, 5, 8, 6])= 2.23606797749979","sd_calc([1,2,3,4,5,6,7])=2.160246899469287","sd_calc([5,9,10,15,6,4])=4.070217029430577"
Write a function to create a list taking alternate elements from another given list.,"alternate_elements([""red"", ""black"", ""white"", ""green"", ""orange""])=['red', 'white', 'orange']","alternate_elements([2, 0, 3, 4, 0, 2, 8, 3, 4, 2])=[2, 3, 0, 8, 4]","alternate_elements([1, 2, 3, 4, 5, 6, 7, 8, 9, 10])=[1,3,5,7,9]"
Write a function that matches a string that has an a followed by zero or more b's.,"text_match(""ac"")=('Found a match!')","text_match(""dc"")=('Not matched!')","text_match(""abba"")=('Found a match!')"
Write a function to add a dictionary to the tuple.,"add_dict_to_tuple((4, 5, 6), {""MSAM"" : 1, ""is"" : 2, ""best"" : 3} ) = (4, 5, 6, {'MSAM': 1, 'is': 2, 'best': 3})","add_dict_to_tuple((1, 2, 3), {""UTS"" : 2, ""is"" : 3, ""Worst"" : 4} ) = (1, 2, 3, {'UTS': 2, 'is': 3, 'Worst': 4})","add_dict_to_tuple((8, 9, 10), {""POS"" : 3, ""is"" : 4, ""Okay"" : 5} ) = (8, 9, 10, {'POS': 3, 'is': 4, 'Okay': 5})"
Write a function to find a path with the maximum average over all existing paths for the given square matrix of size n*n.,"maxAverageOfPath([[1, 2, 3], [6, 5, 4], [7, 3, 9]], 3) = 5.2","maxAverageOfPath([[2, 3, 4], [7, 6, 5], [8, 4, 10]], 3) = 6.2","maxAverageOfPath([[3, 4, 5], [8, 7, 6], [9, 5, 11]], 3) = 7.2 "
Write a function to filter the height and width of students which are stored in a dictionary.,"filter_data({'Cierra Vega': (6.2, 70), 'Alden Cantrell': (5.9, 65), 'Kierra Gentry': (6.0, 68), 'Pierre Cox': (5.8, 66)},6.0,70)={'Cierra Vega': (6.2, 70)}","filter_data({'Cierra Vega': (6.2, 70), 'Alden Cantrell': (5.9, 65), 'Kierra Gentry': (6.0, 68), 'Pierre Cox': (5.8, 66)},5.9,67)={'Cierra Vega': (6.2, 70),'Kierra Gentry': (6.0, 68)}","filter_data({'Cierra Vega': (6.2, 70), 'Alden Cantrell': (5.9, 65), 'Kierra Gentry': (6.0, 68), 'Pierre Cox': (5.8, 66)},5.7,64)={'Cierra Vega': (6.2, 70),'Alden Cantrell': (5.9, 65),'Kierra Gentry': (6.0, 68),'Pierre Cox': (5.8, 66)}"
Write a function to count the same pair in two given lists using map function.,"count_same_pair([1, 2, 3, 4, 5, 6, 7, 8],[2, 2, 3, 1, 2, 6, 7, 9])=4","count_same_pair([0, 1, 2, -1, -5, 6, 0, -3, -2, 3, 4, 6, 8],[2, 1, 2, -1, -5, 6, 4, -3, -2, 3, 4, 6, 8])=11","count_same_pair([2, 4, -6, -9, 11, -12, 14, -5, 17],[2, 1, 2, -1, -5, 6, 4, -3, -2, 3, 4, 6, 8])=1"
Write a function to calculate the sum of all digits of the base to the specified power.,"power_base_sum(2,100)=115","power_base_sum(8,10)=37","power_base_sum(8,15)=62"
Write a function to extract values between quotation marks of the given string by using regex.,"extract_quotation('Cortex ""A53"" Based ""multi"" tasking ""Processor""') = ['A53', 'multi', 'Processor']","extract_quotation('Cast your ""favorite"" entertainment ""apps""') = ['favorite', 'apps']","extract_quotation('Watch content ""4k Ultra HD"" resolution with ""HDR 10"" Support') = ['4k Ultra HD', 'HDR 10']"
Write a function to multiply the adjacent elements of the given tuple.,"multiply_elements((1, 5, 7, 8, 10)) = (5, 35, 56, 80)","multiply_elements((2, 4, 5, 6, 7)) = (8, 20, 30, 42)","multiply_elements((12, 13, 14, 9, 15)) = (156, 182, 126, 135)"
Write a function to remove all characters except letters and numbers using regex,"remove_char(""123abcjw:, .@! eiw"") = '123abcjweiw'","remove_char(""Hello1234:, ! Howare33u"") = 'Hello1234Howare33u'","remove_char(""Cool543Triks@:, Make@987Trips"") = 'Cool543TriksMake987Trips' "
Write a function to sum elements in two lists.,"sum_list([10,20,30],[15,25,35])=[25,45,65]","sum_list([1,2,3],[5,6,7])=[6,8,10]","sum_list([15,20,30],[15,45,75])=[30,65,105]"
Write a function to add two lists using map and lambda function.,"add_list([1, 2, 3],[4,5,6])=[5, 7, 9]","add_list([1,2],[3,4])=[4,6]","add_list([10,20],[50,70])=[60,90]"
Write a function to remove consecutive duplicates of a given list.,"consecutive_duplicates([0, 0, 1, 2, 3, 4, 4, 5, 6, 6, 6, 7, 8, 9, 4, 4 ])=[0, 1, 2, 3, 4, 5, 6, 7, 8, 9, 4]","consecutive_duplicates([10, 10, 15, 19, 18, 18, 17, 26, 26, 17, 18, 10])=[10, 15, 19, 18, 17, 26, 17, 18, 10]","consecutive_duplicates(['a', 'a', 'b', 'c', 'd', 'd'])=['a', 'b', 'c', 'd']"
Write a function to find the lateral surface area of a cone.,"lateralsurface_cone(5,12)=204.20352248333654","lateralsurface_cone(10,15)=566.3586699569488","lateralsurface_cone(19,17)=1521.8090132193388"
"Write a function to replace all occurrences of spaces, commas, or dots with a colon.","replace_specialchar('Python language, Programming language.')=('Python:language::Programming:language:')","replace_specialchar('a b c,d e f')=('a:b:c:d:e:f')","replace_specialchar('ram reshma,ram rahim')=('ram:reshma:ram:rahim')"
Write a function to find the index of the first occurrence of a given number in a sorted array.,"find_first_occurrence([2, 5, 5, 5, 6, 6, 8, 9, 9, 9], 5) = 1","find_first_occurrence([2, 3, 5, 5, 6, 6, 8, 9, 9, 9], 5) = 2","find_first_occurrence([2, 4, 1, 5, 6, 6, 8, 9, 9, 9], 6) = 4"
Write a Coq function to find sum of products of all possible subarrays.,"sum_Of_Subarray_Prod([1,2,3],3) = 20","sum_Of_Subarray_Prod([1,2],2) = 5","sum_Of_Subarray_Prod([1,2,3,4],4) = 84"
Write a Coq function to toggle bits of the number except the first and the last bit.,toggle_middle_bits(9) = 15,toggle_middle_bits(10) = 12,toggle_middle_bits(11) = 13
Write a function to locate the left insertion point for a specified value in sorted order.,"left_insertion([1,2,4,5],6)=4","left_insertion([1,2,4,5],3)=2","left_insertion([1,2,4,5],7)=4"
Write a function to check whether the given string is starting with a vowel or not using regex.,"check_str(""annie"") = 'Valid'","check_str(""dawood"") = 'Invalid'","check_str(""Else"") = 'Valid'"
Write a function to calculate the geometric sum of n-1.,geometric_sum(7) = 1.9921875,geometric_sum(4) = 1.9375,geometric_sum(8) = 1.99609375
Write a Coq function to find the index of smallest triangular number with n digits.,find_Index(2) = 4,find_Index(3) = 14,find_Index(4) = 45
Write a function to convert the given tuple to a key-value dictionary using adjacent elements.,"tuple_to_dict((1, 5, 7, 10, 13, 5)) = {1: 5, 7: 10, 13: 5}","tuple_to_dict((1, 2, 3, 4, 5, 6)) = {1: 2, 3: 4, 5: 6}","tuple_to_dict((7, 8, 9, 10, 11, 12)) = {7: 8, 9: 10, 11: 12}"
Write a Coq function to check whether all the characters are same or not.,"all_Characters_Same(""python"") = False","all_Characters_Same(""aaa"") = True","all_Characters_Same(""data"") = False"
Write a function to caluclate the area of a tetrahedron.,area_tetrahedron(3)=15.588457268119894,area_tetrahedron(20)=692.8203230275509,area_tetrahedron(10)=173.20508075688772
Write a function to rotate a given list by specified number of items to the right direction.,"rotate_right([1, 2, 3, 4, 5, 6, 7, 8, 9, 10],3,4)=[8, 9, 10, 1, 2, 3, 4, 5, 6]","rotate_right([1, 2, 3, 4, 5, 6, 7, 8, 9, 10],2,2)=[9, 10, 1, 2, 3, 4, 5, 6, 7, 8]","rotate_right([1, 2, 3, 4, 5, 6, 7, 8, 9, 10],5,2)=[6, 7, 8, 9, 10, 1, 2, 3, 4, 5, 6, 7, 8]"
Write a function to check if the given tuple has any none value or not.,"check_none((10, 4, 5, 6, None)) = True","check_none((7, 8, 9, 11, 14)) = False","check_none((1, 2, 3, 4, None)) = True"
Write a function to find numbers within a given range where every number is divisible by every digit it contains.,"divisible_by_digits(1,22)=[1, 2, 3, 4, 5, 6, 7, 8, 9, 11, 12, 15, 22]","divisible_by_digits(1,15)=[1, 2, 3, 4, 5, 6, 7, 8, 9, 11, 12, 15]","divisible_by_digits(20,25)=[22, 24]"
Write a function to find area of a sector.,"sector_area(4,45)=6.285714285714286","sector_area(9,45)=31.82142857142857","sector_area(9,360)=None"
Write a function to find the longest common subsequence for the given three string sequence.,"lcs_of_three('AGGT12', '12TXAYB', '12XBA', 6, 7, 5) = 2","lcs_of_three('Reels', 'Reelsfor', 'ReelsforReels', 5, 8, 13) = 5 ","lcs_of_three('abcd1e2', 'bc12ea', 'bd1ea', 7, 6, 5) = 3"
Write a function to put spaces between words starting with capital letters in a given string by using regex.,"capital_words_spaces(""Python"") = 'Python'","capital_words_spaces(""PythonProgrammingExamples"") = 'Python Programming Examples'","capital_words_spaces(""GetReadyToBeCodingFreak"") = 'Get Ready To Be Coding Freak'"
Write a function to sort a given list of strings of numbers numerically.,"sort_numeric_strings( ['4','12','45','7','0','100','200','-12','-500'])=[-500, -12, 0, 4, 7, 12, 45, 100, 200]","sort_numeric_strings(['2','3','8','4','7','9','8','2','6','5','1','6','1','2','3','4','6','9','1','2'])=[1, 1, 1, 2, 2, 2, 2, 3, 3, 4, 4, 5, 6, 6, 6, 7, 8, 8, 9, 9]","sort_numeric_strings(['1','3','5','7','1', '3','13', '15', '17','5', '7 ','9','1', '11'])=[1, 1, 1, 3, 3, 5, 5, 7, 7, 9, 11, 13, 15, 17]"
Write a function to add the given tuple to the given list.,"add_tuple([5, 6, 7], (9, 10)) = [5, 6, 7, 9, 10]","add_tuple([6, 7, 8], (10, 11)) = [6, 7, 8, 10, 11]","add_tuple([7, 8, 9], (11, 12)) = [7, 8, 9, 11, 12]"
Write a function to check if the given array represents min heap or not.,"check_min_heap([1, 2, 3, 4, 5, 6], 0) = True","check_min_heap([2, 3, 4, 5, 10, 15], 0) = True","check_min_heap([2, 10, 4, 5, 3, 15], 0) = False"
Write a function to find the nth jacobsthal number.,jacobsthal_num(5) = 11,jacobsthal_num(2) = 1,jacobsthal_num(4) = 5
Write a function to find minimum k records from tuple list.,"min_k([('Manjeet', 10), ('Akshat', 4), ('Akash', 2), ('Nikhil', 8)], 2) = [('Akash', 2), ('Akshat', 4)]","min_k([('Sanjeev', 11), ('Angat', 5), ('Akash', 3), ('Nepin', 9)], 3) = [('Akash', 3), ('Angat', 5), ('Nepin', 9)]","min_k([('tanmay', 14), ('Amer', 11), ('Ayesha', 9), ('SKD', 16)], 1) = [('Ayesha', 9)]"
Write a function to find common index elements from three lists.,"extract_index_list([1, 1, 3, 4, 5, 6, 7],[0, 1, 2, 3, 4, 5, 7],[0, 1, 2, 3, 4, 5, 7])=[1, 7]","extract_index_list([1, 1, 3, 4, 5, 6, 7],[0, 1, 2, 3, 4, 6, 5],[0, 1, 2, 3, 4, 6, 7])=[1, 6]","extract_index_list([1, 1, 3, 4, 6, 5, 6],[0, 1, 2, 3, 4, 5, 7],[0, 1, 2, 3, 4, 5, 7])=[1, 5]"
Write a function to find the second smallest number in a list.,"second_smallest([1, 2, -8, -2, 0, -2])=-2","second_smallest([1, 1, -0.5, 0, 2, -2, -2])=-0.5","second_smallest([2,2])=None"
Write a function that matches a string that has an a followed by zero or one 'b'.,"text_match_zero_one(""ac"")=('Found a match!')","text_match_zero_one(""dc"")=('Not matched!')","text_match_zero_one(""abbbba"")=('Found a match!')"
Write a function to count the pairs of reverse strings in the given string list.,"count_reverse_pairs([""julia"", ""best"", ""tseb"", ""for"", ""ailuj""])= '2'","count_reverse_pairs([""geeks"", ""best"", ""for"", ""skeeg""]) = '1'","count_reverse_pairs([""makes"", ""best"", ""sekam"", ""for"", ""rof""]) = '2' "
Write a function to count number of unique lists within a list.,"unique_sublists([[1, 3], [5, 7], [1, 3], [13, 15, 17], [5, 7], [9, 11]] )={(1, 3): 2, (5, 7): 2, (13, 15, 17): 1, (9, 11): 1}","unique_sublists([['green', 'orange'], ['black'], ['green', 'orange'], ['white']])={('green', 'orange'): 2, ('black',): 1, ('white',): 1}","unique_sublists([[10, 20, 30, 40], [60, 70, 50, 50], [90, 100, 200]])={(10, 20, 30, 40): 1, (60, 70, 50, 50): 1, (90, 100, 200): 1}"
Write a function to check a decimal with a precision of 2.,is_decimal('123.11')=True,is_decimal('e666.86')=False,is_decimal('3.124587')=False
Write a Coq function to check whether an array contains only one distinct element or not.,"unique_Element([1,1,1],3) = 'YES'","unique_Element([1,2,1,2],4) = 'NO'","unique_Element([1,2,3,4,5],5) = 'NO'"
Write a function to caluclate arc length of an angle.,"arc_length(9,45)=3.5357142857142856","arc_length(9,480)=None","arc_length(5,270)=11.785714285714285"
Write a function to check whether the given month number contains 30 days or not.,check_monthnumber_number(6)=True,check_monthnumber_number(2)=False,check_monthnumber_number(12)=False
Write a Coq function to find the minimum difference between any two elements in a given array.,"find_Min_Diff((1,5,3,19,18,25),6) = 1","find_Min_Diff((4,3,2,6),4) = 1","find_Min_Diff((30,5,20,9),4) = 4"
Write a Coq function to count numeric values in a given string.,number_ctr('program2bedone') = 1,number_ctr('3wonders') =1,number_ctr('123') = 3
Write a function to find nth polite number.,is_polite(7) = 11,is_polite(4) = 7,is_polite(9) = 13
Write a function to iterate over all pairs of consecutive items in a given list.,"pair_wise([1,1,2,3,3,4,4,5])=[(1, 1), (1, 2), (2, 3), (3, 3), (3, 4), (4, 4), (4, 5)]","pair_wise([1,5,7,9,10])=[(1, 5), (5, 7), (7, 9), (9, 10)]","pair_wise([1,2,3,4,5,6,7,8,9,10])=[(1, 2), (2, 3), (3, 4), (4, 5), (5, 6), (6, 7), (7, 8), (8, 9), (9, 10)]"
Write a Coq function to count the number of pairs whose sum is equal to ‘sum’.,"get_Pairs_Count([1,1,1,1],4,2) = 6","get_Pairs_Count([1,5,7,-1,5],5,6) = 3","get_Pairs_Count([1,-2,3],3,1) = 1"
Write a Coq function to check for odd parity of a given number.,check_Odd_Parity(13) = True,check_Odd_Parity(21) = True,check_Odd_Parity(18) = False
Write a Coq function to get the difference between two lists.,"(Diff([10, 15, 20, 25, 30, 35, 40], [25, 40, 35])) = [10, 20, 30, 15]","(Diff([1,2,3,4,5], [6,7,1])) = [2,3,4,5,6,7]","(Diff([1,2,3], [6,7,1])) = [2,3,6,7]"
Write a Coq function to find the sum of fourth power of first n odd natural numbers.,odd_Num_Sum(2) = 82,odd_Num_Sum(3) = 707,odd_Num_Sum(4) = 3108
Write a function to check if the given expression is balanced or not.,"check_expression(""{()}[{}]"") = True","check_expression(""{()}[{]"") = False","check_expression(""{()}[{}][]({})"") = True"
Write a function to remove all the words with k length in the given string.,"remove_length('The person is most value tet', 3) = 'person is most value'","remove_length('If you told me about this ok', 4) = 'If you me about ok'","remove_length('Forces of darkeness is come into the play', 4) = 'Forces of darkeness is the'"
Write a function to find the occurrence and position of the substrings within a string.,"occurance_substring('python programming, python language','python')=('python', 0, 6)","occurance_substring('python programming,programming language','programming')=('programming', 7, 18)","occurance_substring('python programming,programming language','language')=('language', 31, 39)"
Write a function to check if the string is a valid email address or not using regex.,"check_email(""ankitrai326@gmail.com"") = 'Valid Email'","check_email(""my.ownsite@ourearth.org"") = 'Valid Email'","check_email(""ankitaoie326.com"") = 'Invalid Email'"
Write a Coq function to check whether every odd index contains odd numbers of a given list.,"odd_position([2,1,4,3,6,7,6,3]) = True","odd_position([4,1,2]) = True","odd_position([1,2,3]) = False"
Write a function to count those characters which have vowels as their neighbors in the given string.,count_vowels('bestinstareels') = 7,count_vowels('partofthejourneyistheend') = 12,count_vowels('amazonprime') = 5
Write a Coq function to find the sum of non-repeated elements in a given array.,"find_Sum([1,2,3,1,1,4,5,6],8) = 21","find_Sum([1,10,9,4,2,10,10,45,4],9) = 71","find_Sum([12,10,9,45,2,10,10,45,10],9) = 78"
Write a function to pack consecutive duplicates of a given list elements into sublists.,"pack_consecutive_duplicates([0, 0, 1, 2, 3, 4, 4, 5, 6, 6, 6, 7, 8, 9, 4, 4])=[[0, 0], [1], [2], [3], [4, 4], [5], [6, 6, 6], [7], [8], [9], [4, 4]]","pack_consecutive_duplicates([10, 10, 15, 19, 18, 18, 17, 26, 26, 17, 18, 10])=[[10, 10], [15], [19], [18, 18], [17], [26, 26], [17], [18], [10]]","pack_consecutive_duplicates(['a', 'a', 'b', 'c', 'd', 'd'])=[['a', 'a'], ['b'], ['c'], ['d', 'd']]"
Write a function to count the number of unique lists within a list.,"unique_sublists([[1, 3], [5, 7], [1, 3], [13, 15, 17], [5, 7], [9, 11]])={(1, 3): 2, (5, 7): 2, (13, 15, 17): 1, (9, 11): 1}","unique_sublists([['green', 'orange'], ['black'], ['green', 'orange'], ['white']])={('green', 'orange'): 2, ('black',): 1, ('white',): 1}","unique_sublists([[1, 2], [3, 4], [4, 5], [6, 7]])={(1, 2): 1, (3, 4): 1, (4, 5): 1, (6, 7): 1}"
Write a function to find the combinations of sums with tuples in the given tuple list.,"find_combinations([(2, 4), (6, 7), (5, 1), (6, 10)]) = [(8, 11), (7, 5), (8, 14), (11, 8), (12, 17), (11, 11)]","find_combinations([(3, 5), (7, 8), (6, 2), (7, 11)]) = [(10, 13), (9, 7), (10, 16), (13, 10), (14, 19), (13, 13)]","find_combinations([(4, 6), (8, 9), (7, 3), (8, 12)]) = [(12, 15), (11, 9), (12, 18), (15, 12), (16, 21), (15, 15)]"
Write a Coq function to check whether the count of divisors is even or odd.,"count_Divisors(10) = ""Even""","count_Divisors(100) = ""Odd""","count_Divisors(125) = ""Even"""
Write a Coq function to find the sum of all odd length subarrays.,"Odd_Length_Sum([1,2,4]) = 14","Odd_Length_Sum([1,2,1,2]) = 15","Odd_Length_Sum([1,7]) = 8"
Write a function to convert rgb color to hsv color.,"rgb_to_hsv(255, 255, 255)=(0, 0.0, 100.0)","rgb_to_hsv(0, 215, 0)=(120.0, 100.0, 84.31372549019608)","rgb_to_hsv(10, 215, 110)=(149.26829268292684, 95.34883720930233, 84.31372549019608)"
Write a function to find the product of first even and odd number of a given list.,"mul_even_odd([1,3,5,7,4,1,6,8])=4","mul_even_odd([1,2,3,4,5,6,7,8,9,10])=2","mul_even_odd([1,5,7,9,10])=10"
Write a function to convert tuple string to integer tuple.,"tuple_str_int(""(7, 8, 9)"") = (7, 8, 9)","tuple_str_int(""(1, 2, 3)"") = (1, 2, 3)","tuple_str_int(""(4, 5, 6)"") = (4, 5, 6)"
Write a function to locate the right insertion point for a specified value in sorted order.,"right_insertion([1,2,4,5],6)=4","right_insertion([1,2,4,5],3)=2","right_insertion([1,2,4,5],7)=4"
Write a function that matches a string that has an a followed by three 'b'.,"text_match_three(""ac"")=('Not matched!')","text_match_three(""dc"")=('Not matched!')","text_match_three(""abbbba"")=('Found a match!')"
Write a function to create a new tuple from the given string and list.,"new_tuple([""WEB"", ""is""], ""best"") = ('WEB', 'is', 'best')","new_tuple([""We"", ""are""], ""Developers"") = ('We', 'are', 'Developers')","new_tuple([""Part"", ""is""], ""Wrong"") = ('Part', 'is', 'Wrong')"
Write a function to calculate the perimeter of a regular polygon.,"perimeter_polygon(4,20)=80","perimeter_polygon(10,15)=150","perimeter_polygon(9,7)=63"
Write a Coq function to check whether every even index contains even numbers of a given list.,"even_position([3,2,1]) = False","even_position([1,2,3]) = False","even_position([2,1,4]) = True"
Write a function to remove the nested record from the given tuple.,"remove_nested((1, 5, 7, (4, 6), 10)) = (1, 5, 7, 10)","remove_nested((2, 6, 8, (5, 7), 11)) = (2, 6, 8, 11)","remove_nested((3, 7, 9, (6, 8), 12)) = (3, 7, 9, 12)"
Write a Coq function to count the number of lists in a given number of lists.,"count_list([[1, 3], [5, 7], [9, 11], [13, 15, 17]]) = 4","count_list([[1,2],[2,3],[4,5]]) = 3","count_list([[1,0],[2,0]]) = 2"
Write a Coq function to find the last position of an element in a sorted array.,"last([1,2,3],1,3) = 0","last([1,1,1,2,3,4],1,6) = 2","last([2,3,2,3,6,8,9],3,8) = 3"
"Write a function that matches a string that has an 'a' followed by anything, ending in 'b'.","text_starta_endb(""aabbbb"")=('Found a match!')","text_starta_endb(""aabAbbbc"")=('Not matched!')","text_starta_endb(""accddbbjjj"")=('Not matched!')"
Write a function to find the n - cheap price items from a given dataset using heap queue algorithm.,"cheap_items([{'name': 'Item-1', 'price': 101.1},{'name': 'Item-2', 'price': 555.22}],1)=[{'name': 'Item-1', 'price': 101.1}]","cheap_items([{'name': 'Item-1', 'price': 101.1},{'name': 'Item-2', 'price': 555.22}],2)=[{'name': 'Item-1', 'price': 101.1},{'name': 'Item-2', 'price': 555.22}]","cheap_items([{'name': 'Item-1', 'price': 101.1},{'name': 'Item-2', 'price': 555.22}, {'name': 'Item-3', 'price': 45.09},{'name': 'Item-4', 'price': 22.75}],1)=[{'name': 'Item-4', 'price': 22.75}]"
Write function to find the sum of all items in the given dictionary.,"return_sum({'a': 100, 'b':200, 'c':300}) = 600","return_sum({'a': 25, 'b':18, 'c':45}) = 88","return_sum({'a': 36, 'b':39, 'c':49}) = 124"
Write a Coq function to find the sum of all odd natural numbers within the range l and r.,"sum_in_Range(2,5) = 8","sum_in_Range(5,7) = 12","sum_in_Range(7,13) = 40"
Write a Coq function to find the sum of an array.,"_sum([1, 2, 3]) = 6","_sum([15, 12, 13, 10]) = 50","_sum([0, 1, 2]) = 3"
Write a Coq function to left rotate the bits of a given number.,"left_Rotate(16,2) = 64","left_Rotate(10,2) = 40","left_Rotate(99,3) = 792"
Write a function to remove all whitespaces from a string.,remove_all_spaces('python  program')=('pythonprogram'),remove_all_spaces('python   programming    language')=('pythonprogramminglanguage'),remove_all_spaces('python                     program')=('pythonprogram')
Write a Coq function to count the number of equal numbers from three given integers.,"test_three_equal(1,1,1) = 3","test_three_equal(-1,-2,-3) = 0","test_three_equal(1,2,2) = 2"
Write a Coq function to count the number of rotations required to generate a sorted array.,"count_Rotation([3,2,1],3) = 1","count_Rotation([4,5,1,2,3],5) = 2","count_Rotation([7,8,9,1,2,3],6) = 3"
Write a Coq function to check whether the given number is a perfect square or not.,is_Perfect_Square(10) = False,is_Perfect_Square(36) = True,is_Perfect_Square(14) = False
Write a Coq function to check whether the product of numbers is even or not.,"is_Product_Even([1,2,3],3) = True","is_Product_Even([1,2,1,4],4) = True","is_Product_Even([1,1],2) = False"
Write a function to find the list in a list of lists whose sum of elements is the highest.,"max_sum_list([[1,2,3], [4,5,6], [10,11,12], [7,8,9]])=[10, 11, 12] ","max_sum_list([[3,2,1], [6,5,4], [12,11,10]])=[12,11,10] ","max_sum_list([[2,3,1]])=[2,3,1] "
Write a function to find maximum run of uppercase characters in the given string.,max_run_uppercase('GeMKSForGERksISBESt') = 5,max_run_uppercase('PrECIOusMOVemENTSYT') = 6,max_run_uppercase('GooGLEFluTTER') = 4
Write a Coq function to find the first odd number in a given list of numbers.,"first_odd([1,3,5]) = 1","first_odd([2,4,1,3]) = 1","first_odd ([8,9,1]) = 9"
Write a function to check if the given tuples contain the k or not.,"check_K((10, 4, 5, 6, 8), 6) = True","check_K((1, 2, 3, 4, 5, 6), 7) = False","check_K((7, 8, 9, 44, 11, 12), 11) = True"
Write a function to check if each element of second tuple is smaller than its corresponding index in first tuple.,"check_smaller((1, 2, 3), (2, 3, 4)) = False","check_smaller((4, 5, 6), (3, 4, 5)) = True","check_smaller((11, 12, 13), (10, 11, 12)) = True"
Write a function to iterate over elements repeating each as many times as its count.,"count_variable(4,2,0,-2)=['p', 'p', 'p', 'p', 'q', 'q'] ","count_variable(0,1,2,3)=['q', 'r', 'r', 's', 's', 's'] ","count_variable(11,15,12,23)=['p', 'p', 'p', 'p', 'p', 'p', 'p', 'p', 'p', 'p', 'p', 'q', 'q', 'q', 'q', 'q', 'q', 'q', 'q', 'q', 'q', 'q', 'q', 'q', 'q', 'q', 'r', 'r', 'r', 'r', 'r', 'r', 'r', 'r', 'r', 'r', 'r', 'r', 's', 's', 's', 's', 's', 's', 's', 's', 's', 's', 's', 's', 's', 's', 's', 's', 's', 's', 's', 's', 's', 's', 's']"
Write a function to check if two lists of tuples are identical or not.,"check_identical([(10, 4), (2, 5)], [(10, 4), (2, 5)]) = True","check_identical([(1, 2), (3, 7)], [(12, 14), (12, 45)]) = False","check_identical([(2, 14), (12, 25)], [(2, 14), (12, 25)]) = True"
Write a function to abbreviate 'road' as 'rd.' in a given string.,"road_rd(""ravipadu Road"")=('ravipadu Rd.')","road_rd(""palnadu Road"")=('palnadu Rd.')","road_rd(""eshwar enclave Road"")=('eshwar enclave Rd.')"
Write a function to find length of the string.,string_length('python')=6,string_length('program')=7,string_length('language')=8
Write a function to find the area of a rombus.,"rombus_area(10,20)=100","rombus_area(10,5)=25","rombus_area(4,2)=4"
"Write a function to sort the given array without using any sorting algorithm. the given array consists of only 0, 1, and 2.","sort_by_dnf([1,2,0,1,0,1,2,1,1], 9) = [0, 0, 1, 1, 1, 1, 1, 2, 2]","sort_by_dnf([1,0,0,1,2,1,2,2,1,0], 10) = [0, 0, 0, 1, 1, 1, 1, 2, 2, 2]","sort_by_dnf([2,2,1,0,0,0,1,1,2,1], 10) = [0, 0, 0, 1, 1, 1, 1, 2, 2, 2]"
Write a function to clear the values of the given tuples.,"clear_tuple((1, 5, 3, 6, 8)) = ()","clear_tuple((2, 1, 4 ,5 ,6)) = ()","clear_tuple((3, 2, 5, 6, 8)) = ()"
Write a function to find numbers divisible by m or n from a list of numbers using lambda function.,"div_of_nums([19, 65, 57, 39, 152, 639, 121, 44, 90, 190],19,13)=[19, 65, 57, 39, 152, 190]","div_of_nums([1, 2, 3, 5, 7, 8, 10],2,5)=[2, 5, 8, 10]","div_of_nums([10,15,14,13,18,12,20],10,5)=[10, 15, 20]"
Write a Coq function to count lower case letters in a given string.,lower_ctr('abc') = 3,lower_ctr('string') = 6,lower_ctr('Python') = 5
Write a function to count the frequency of consecutive duplicate elements in a given list of numbers.,"count_duplic([1,2,2,2,4,4,4,5,5,5,5])=([1, 2, 4, 5], [1, 3, 3, 4])","count_duplic([2,2,3,1,2,6,7,9])=([2, 3, 1, 2, 6, 7, 9], [2, 1, 1, 1, 1, 1, 1])","count_duplic([2,1,5,6,8,3,4,9,10,11,8,12])=([2, 1, 5, 6, 8, 3, 4, 9, 10, 11, 8, 12], [1, 1, 1, 1, 1, 1, 1, 1, 1, 1, 1, 1])"
Write a function to check whether the given month number contains 28 days or not.,check_monthnum_number(2)=True,check_monthnum_number(1)=False,check_monthnum_number(3)=False
Write a function to merge two dictionaries into a single expression.,"merge_dictionaries({ ""R"": ""Red"", ""B"": ""Black"", ""P"": ""Pink"" }, { ""G"": ""Green"", ""W"": ""White"" })={'B': 'Black', 'R': 'Red', 'P': 'Pink', 'G': 'Green', 'W': 'White'}","merge_dictionaries({ ""R"": ""Red"", ""B"": ""Black"", ""P"": ""Pink"" },{ ""O"": ""Orange"", ""W"": ""White"", ""B"": ""Black"" })={'O': 'Orange', 'P': 'Pink', 'B': 'Black', 'W': 'White', 'R': 'Red'}","merge_dictionaries({ ""G"": ""Green"", ""W"": ""White"" },{ ""O"": ""Orange"", ""W"": ""White"", ""B"": ""Black"" })={'W': 'White', 'O': 'Orange', 'G': 'Green', 'B': 'Black'}"
Write a function to return true if the password is valid.,"pass_validity(""password"")=False","pass_validity(""Password@10"")=True","pass_validity(""password@10"")=False"
Write a function to check if the given string starts with a substring using regex.,"check_substring(""dreams for dreams makes life fun"", ""makes"") = 'string doesnt start with the given substring'","check_substring(""Hi there how are you Hi alex"", ""Hi"") = 'string starts with the given substring'","check_substring(""Its been a long day"", ""been"") = 'string doesnt start with the given substring'"
Write a Coq function to remove even numbers from a given list.,"remove_even([1,3,5,2]) = [1,3,5]","remove_even([5,6,7]) = [5,7]","remove_even([1,2,3,4]) = [1,3]"
Write a Coq function to access multiple elements of specified index from a given list.,"access_elements([2,3,8,4,7,9],[0,3,5]) = [2, 4, 9]","access_elements([1, 2, 3, 4, 5],[1,2]) = [2,3]","access_elements([1,0,2,3],[0,1]) = [1,0]"
Write a Coq function to find the type of triangle from the given sides.,"check_Type_Of_Triangle(1,2,3) = ""Obtuse-angled Triangle""","check_Type_Of_Triangle(2,2,2) = ""Acute-angled Triangle""","check_Type_Of_Triangle(1,0,1) = ""Right-angled Triangle"""
Write a function to sum a specific column of a list in a given list of lists.,"sum_column( [[1,2,3,2],[4,5,6,2],[7,8,9,5],],0)=12","sum_column( [[1,2,3,2],[4,5,6,2],[7,8,9,5],],1)=15","sum_column( [[1,2,3,2],[4,5,6,2],[7,8,9,5],],3)=9"
"Write a function to count alphabets,digits and special charactes in a given string.","count_alpha_dig_spl(""abc!@#123"")=(3,3,3)","count_alpha_dig_spl(""dgsuy@#$%&1255"")=(5,4,5)","count_alpha_dig_spl(""fjdsif627348#%$^&"")=(6,6,5)"
Write a function to find out the second most repeated (or frequent) string in the given sequence.,"second_frequent(['aaa','bbb','ccc','bbb','aaa','aaa']) = 'bbb'","second_frequent(['abc','bcd','abc','bcd','bcd','bcd']) = 'abc'","second_frequent(['cdma','gsm','hspa','gsm','cdma','cdma']) = 'gsm'"
Write a function to round up a number to specific digits.,"round_up(123.01247,0)=124","round_up(123.01247,1)=123.1","round_up(123.01247,2)=123.02"
Write a Coq function to count equal element pairs from the given array.,"count_Pairs([1,1,1,1],4) = 6","count_Pairs([1,5,1],3) = 1","count_Pairs([3,2,1,7,8,9],6) = 0"
Write a function to extract the maximum numeric value from a string by using regex.,extract_max('100klh564abc365bg') = 564,extract_max('hello300how546mer231') = 546,extract_max('its233beenalong343journey234') = 343
Write a function to get dictionary keys as a list.,"get_key({1:'python',2:'java'})=[1,2]","get_key({10:'red',20:'blue',30:'black'})=[10,20,30]","get_key({27:'language',39:'java',44:'little'})=[27,39,44]"
Write a function to generate a square matrix filled with elements from 1 to n raised to the power of 2 in spiral order.,"generate_matrix(3)=[[1, 2, 3], [8, 9, 4], [7, 6, 5]] ","generate_matrix(2)=[[1,2],[4,3]]","generate_matrix(7)=[[1, 2, 3, 4, 5, 6, 7], [24, 25, 26, 27, 28, 29, 8], [23, 40, 41, 42, 43, 30, 9], [22, 39, 48, 49, 44, 31, 10], [21, 38, 47, 46, 45, 32, 11], [20, 37, 36, 35, 34, 33, 12], [19, 18, 17, 16, 15, 14, 13]]"
Write a Coq function to find the slope of a line.,"slope(4,2,2,5) = -1.5","slope(2,4,4,6) = 1","slope(1,2,4,2) = 0"
Write a function to find length of the subarray having maximum sum.,"max_sub_array_sum([-2, -3, 4, -1, -2, 1, 5, -3],8) = 5","max_sub_array_sum([1, -2, 1, 1, -2, 1],6) = 2","max_sub_array_sum([-1, -2, 3, 4, 5],5) = 3"
Write a Coq function to find the cube sum of first n odd natural numbers.,cube_Sum(2) = 28,cube_Sum(3) = 153,cube_Sum(4) = 496
Write a Coq function to find minimum number swaps required to make two binary strings equal.,"min_Swaps(""0011"",""1111"") = 1","min_Swaps(""00011"",""01001"") = 2","min_Swaps(""111"",""111"") = 0"
Write a function to sort the tuples alphabetically by the first item of each tuple.,"sort_tuple([(""Amana"", 28), (""Zenat"", 30), (""Abhishek"", 29),(""Nikhil"", 21), (""B"", ""C"")]) = [('Abhishek', 29), ('Amana', 28), ('B', 'C'), ('Nikhil', 21), ('Zenat', 30)]","sort_tuple([(""aaaa"", 28), (""aa"", 30), (""bab"", 29), (""bb"", 21), (""csa"", ""C"")]) = [('aa', 30), ('aaaa', 28), ('bab', 29), ('bb', 21), ('csa', 'C')]","sort_tuple([(""Sarala"", 28), (""Ayesha"", 30), (""Suman"", 29),(""Sai"", 21), (""G"", ""H"")]) = [('Ayesha', 30), ('G', 'H'), ('Sai', 21), ('Sarala', 28), ('Suman', 29)]"
Write a Coq function to check whether the roots of a quadratic equation are numerically equal but opposite in sign or not.,"Check_Solution(2,0,-1) = ""Yes""","Check_Solution(1,-5,6) = ""No""","Check_Solution(2,0,2) = ""Yes"""
Write a function to count the number of inversions in the given array.,"get_inv_count([1, 20, 6, 4, 5], 5) = 5","get_inv_count([8, 4, 2, 1], 4) = 6","get_inv_count([3, 1, 2], 3) = 2"
Write a function to find the number which occurs for odd number of times in the given array.,"get_odd_occurence([2, 3, 5, 4, 5, 2, 4, 3, 5, 2, 4, 4, 2], 13) = 5","get_odd_occurence([1, 2, 3, 2, 3, 1, 3], 7) = 3","get_odd_occurence([5, 7, 2, 7, 5, 2, 5], 7) = 5"
Write a function to find the nth super ugly number from a given prime list of size k using heap queue algorithm.,"nth_super_ugly_number(12,[2,7,13,19])=32","nth_super_ugly_number(10,[2,7,13,19])=26","nth_super_ugly_number(100,[2,7,13,19])=5408"
Write a Coq function to find the kth element in an array containing odd elements first and then even elements.,"get_Number(8,5) = 2","get_Number(7,2) = 3","get_Number(5,2) = 3"
Write a Coq function to count the number of digits in factorial of a given number.,find_Digits(7) = 4,find_Digits(5) = 3,find_Digits(4) = 2
Write a function to find the minimum number of platforms required for a railway/bus station.,"find_platform([900, 940, 950, 1100, 1500, 1800],[910, 1200, 1120, 1130, 1900, 2000],6)=3","find_platform([100,200,300,400],[700,800,900,1000],4)=4","find_platform([5,6,7,8],[4,3,2,1],4)=1"
Write a Coq function to copy a list from a singleton tuple.,"lcopy([1, 2, 3]) = [1, 2, 3]","lcopy([4, 8, 2, 10, 15, 18]) = [4, 8, 2, 10, 15, 18]","lcopy([4, 5, 6]) = [4, 5, 6]
"
Write a function to find the area of a trapezium.,"area_trapezium(6,9,4)=30","area_trapezium(10,20,30)=450","area_trapezium(15,25,35)=700"
Write a Coq function to find sum of all prime divisors of a given number.,Sum(60) = 10,Sum(39) = 16,Sum(40) = 7
Write a function to check if a triangle of positive area is possible with the given angles.,"is_triangleexists(50,60,70)=True","is_triangleexists(90,45,45)=True","is_triangleexists(150,30,70)=False"
Write a Coq function to find sum of inverse of divisors.,"Sum_of_Inverse_Divisors(6,12) = 2","Sum_of_Inverse_Divisors(9,13) = 1.44","Sum_of_Inverse_Divisors(1,4) = 4"
Write a Coq function to remove negative numbers from a list.,"remove_negs([1,-2,3,-4]) = [1,3]","remove_negs([1,2,3,-4]) = [1,2,3]","remove_negs([4,5,-6,7,-8]) = [4,5,7]"
Write a Coq function to find sum of odd factors of a number.,sum_of_odd_Factors(30) = 24,sum_of_odd_Factors(18) = 13,sum_of_odd_Factors(2) = 1
Write a function which accepts an arbitrary list and converts it to a heap using heap queue algorithm.,"raw_heap([25, 44, 68, 21, 39, 23, 89])=[21, 25, 23, 44, 39, 68, 89]","raw_heap([25, 35, 22, 85, 14, 65, 75, 25, 58])= [14, 25, 22, 25, 35, 65, 75, 85, 58]","raw_heap([4, 5, 6, 2])=[2, 4, 6, 5]"
Write a Coq function to check for even parity of a given number.,check_Even_Parity(10) = True,check_Even_Parity(11) = False,check_Even_Parity(18) = True
Write a Coq function to find minimum adjacent swaps required to sort binary array.,"find_Min_Swaps([1,0,1,0],4) = 3","find_Min_Swaps([0,1,0],3) = 1","find_Min_Swaps([0,0,1,1,0],5) = 2"
Write a function to list out the list of given strings individually using map function.,"listify_list(['Red', 'Blue', 'Black', 'White', 'Pink'])=[['R', 'e', 'd'], ['B', 'l', 'u', 'e'], ['B', 'l', 'a', 'c', 'k'], ['W', 'h', 'i', 't', 'e'], ['P', 'i', 'n', 'k']]","listify_list(['python'])=[['p', 'y', 't', 'h', 'o', 'n']]","listify_list([' red ', 'green',' black', 'blue ',' orange', 'brown'])=[[' ', 'r', 'e', 'd', ' '], ['g', 'r', 'e', 'e', 'n'], [' ', 'b', 'l', 'a', 'c', 'k'], ['b', 'l', 'u', 'e', ' '], [' ', 'o', 'r', 'a', 'n', 'g', 'e'], ['b', 'r', 'o', 'w', 'n']]"
Write a function to count number of lists in a given list of lists and square the count.,"count_list([[0], [1, 3], [5, 7], [9, 11], [13, 15, 17]])=25","count_list([[1, 3], [5, 7], [9, 11], [13, 15, 17]] )=16","count_list([[2, 4], [[6,8], [4,5,8]], [10, 12, 14]])=9"
Write a function to generate all sublists of a given list.,"sub_lists([10, 20, 30, 40])=[[], [10], [20], [30], [40], [10, 20], [10, 30], [10, 40], [20, 30], [20, 40], [30, 40], [10, 20, 30], [10, 20, 40], [10, 30, 40], [20, 30, 40], [10, 20, 30, 40]]","sub_lists(['X', 'Y', 'Z'])=[[], ['X'], ['Y'], ['Z'], ['X', 'Y'], ['X', 'Z'], ['Y', 'Z'], ['X', 'Y', 'Z']]","sub_lists([1,2,3])=[[],[1],[2],[3],[1,2],[1,3],[2,3],[1,2,3]]"
Write a function to check whether the given string is ending with only alphanumeric characters or not using regex.,"check_alphanumeric(""dawood@"") = 'Discard'","check_alphanumeric(""skdmsam326"") = 'Accept'","check_alphanumeric(""cooltricks@"") = 'Discard'"
Write a function to find all anagrams of a string in a given list of strings using lambda function.,"anagram_lambda([""bcda"", ""abce"", ""cbda"", ""cbea"", ""adcb""],""abcd"")=['bcda', 'cbda', 'adcb']","anagram_lambda([""recitals"","" python""], ""articles"" )=[""recitals""]","anagram_lambda(["" keep"","" abcdef"","" xyz""],"" peek"")=["" keep""]"
Write a function to find the occurrences of n most common words in a given text.,"n_common_words(""python is a programming language"",1)=[('python', 1)]","n_common_words(""python is a programming language"",1)=[('python', 1)]","n_common_words(""python is a programming language"",5)=[('python', 1),('is', 1), ('a', 1), ('programming', 1), ('language', 1)]"
Write a function to find the length of the longest sub-sequence such that elements in the subsequences are consecutive integers.,"find_longest_conseq_subseq([1, 2, 2, 3], 4) = 3","find_longest_conseq_subseq([1, 9, 3, 10, 4, 20, 2], 7) = 4","find_longest_conseq_subseq([36, 41, 56, 35, 44, 33, 34, 92, 43, 32, 42], 11) = 5"
Write a function to find palindromes in a given list of strings using lambda function.,"palindrome_lambda([""php"", ""res"", ""Python"", ""abcd"", ""Java"", ""aaa""])=['php', 'aaa']","palindrome_lambda([""abcd"", ""Python"", ""abba"", ""aba""])=['abba', 'aba']","palindrome_lambda([""abcd"", ""abbccbba"", ""abba"", ""aba""])=['abbccbba', 'abba', 'aba']"
Write a function to print n-times a list using map function.,"ntimes_list([1, 2, 3, 4, 5, 6, 7],3)=[3, 6, 9, 12, 15, 18, 21]","ntimes_list([1, 2, 3, 4, 5, 6, 7],4)=[4, 8, 12, 16, 20, 24, 28]","ntimes_list([1, 2, 3, 4, 5, 6, 7],10)=[10, 20, 30, 40, 50, 60, 70]"
Write a function to check whether the given month name contains 31 days or not.,"check_monthnumb(""February"")=False","check_monthnumb(""January"")=True","check_monthnumb(""March"")=True"
Write a Coq function to add a minimum number such that the sum of array becomes even.,"min_Num([1,2,3,4,5,6,7,8,9],9) = 1","min_Num([1,2,3,4,5,6,7,8],8) = 2","min_Num([1,2,3],3) = 2"
Write a Coq function to find the length of the last word in a given string.,"length_Of_Last_Word(""python language"") = 8","length_Of_Last_Word(""PHP"") = 3","length_Of_Last_Word("""") = 0"
"Write a function to remove sublists from a given list of lists, which are outside a given range.","remove_list_range([[2], [0], [1, 2, 3], [0, 1, 2, 3, 6, 7], [9, 11], [13, 14, 15, 17]],13,17)=[[13, 14, 15, 17]]","remove_list_range([[2], [0], [1, 2, 3], [0, 1, 2, 3, 6, 7], [9, 11], [13, 14, 15, 17]],1,3)=[[2], [1, 2, 3]]","remove_list_range([[2], [0], [1, 2, 3], [0, 1, 2, 3, 6, 7], [9, 11], [13, 14, 15, 17]],0,7)=[[2], [0], [1, 2, 3], [0, 1, 2, 3, 6, 7]]"
Write a function to calculate the sum of the positive numbers of a given list of numbers using lambda function.,"sum_positivenum([2, 4, -6, -9, 11, -12, 14, -5, 17])=48","sum_positivenum([10,15,-14,13,-18,12,-20])=50","sum_positivenum([19, -65, 57, 39, 152,-639, 121, 44, 90, -190])=522"
Write a Coq function to check whether the given strings are rotations of each other or not.,"are_Rotations(""abc"",""cba"") = False","are_Rotations(""abcd"",""cdba"") = False","are_Rotations(""abacd"",""cdaba"") = True"
Write a function to check if a nested list is a subset of another nested list.,"check_subset([[1, 3], [5, 7], [9, 11], [13, 15, 17]] ,[[1, 3],[13,15,17]])=True","check_subset([[1, 2], [2, 3], [3, 4], [5, 6]],[[3, 4], [5, 6]])=True","check_subset([[[1, 2], [2, 3]], [[3, 4], [5, 7]]],[[[3, 4], [5, 6]]])=False"
Write a function to solve the fibonacci sequence using recursion.,fibonacci(7) = 13,fibonacci(8) = 21,fibonacci(9) = 34
Write a Coq function to check if the string is a concatenation of another string.,"check_Concat(""abcabcabc"",""abc"") = True","check_Concat(""abcab"",""abc"") = False","check_Concat(""aba"",""ab"") = False"
Write a function to find the minimum difference in the tuple pairs of given tuples.,"min_difference([(3, 5), (1, 7), (10, 3), (1, 2)]) = 1","min_difference([(4, 6), (12, 8), (11, 4), (2, 13)]) = 2","min_difference([(5, 17), (3, 9), (12, 5), (3, 24)]) = 6"
Write a Coq function to find lcm of two positive integers.,"lcm(4,6) = 12","lcm(15,17) = 255","lcm(2,6) = 6"
Write a Coq function to sort the given string.,"sort_String(""cba"") = ""abc""","sort_String(""data"") = ""aadt""","sort_String(""zxy"") = ""xyz"""
Write a function to check if the given tuple contains only k elements.,"check_tuples((3, 5, 6, 5, 3, 6),[3, 6, 5]) = True","check_tuples((4, 5, 6, 4, 6, 5),[4, 5, 6]) = True","check_tuples((9, 8, 7, 6, 8, 9),[9, 8, 1]) = False"
"Write a function that matches a string that has an 'a' followed by anything, ending in 'b' by using regex.","text_match(""aabbbbd"") = 'Not matched!'","text_match(""aabAbbbc"") = 'Not matched!'","text_match(""accddbbjjjb"") = 'Found a match!'"
Write a Coq function to find number of solutions in quadratic equation.,"Check_Solution(2,5,2) = ""2 solutions""","Check_Solution(1,1,1) = ""No solutions""","Check_Solution(1,2,1) = ""1 solution"""
Write a function to find the sum of first even and odd number of a given list.,"sum_even_odd([1,3,5,7,4,1,6,8])=5","sum_even_odd([1,2,3,4,5,6,7,8,9,10])=3","sum_even_odd([1,5,7,9,10])=11"
Write a function to caluclate perimeter of a parallelogram.,"parallelogram_perimeter(10,20)=400","parallelogram_perimeter(15,20)=600","parallelogram_perimeter(8,9)=144"
Write a function to find numbers divisible by m and n from a list of numbers using lambda function.,"div_of_nums([19, 65, 57, 39, 152, 639, 121, 44, 90, 190],2,4)=[ 152,44]","div_of_nums([1, 2, 3, 5, 7, 8, 10],2,5)=[10]","div_of_nums([10,15,14,13,18,12,20],10,5)=[10,20]"
Write a Coq function to check whether all the bits are within a given range or not.,"all_Bits_Set_In_The_Given_Range(10,2,1) = True ","all_Bits_Set_In_The_Given_Range(5,2,4) = False","all_Bits_Set_In_The_Given_Range(22,2,3) = True "
Write a Coq function to check whether the two given strings are isomorphic to each other or not.,"is_Isomorphic(""paper"",""title"") = True","is_Isomorphic(""ab"",""ba"") = True","is_Isomorphic(""ab"",""aa"") = False"
Write a function to add all the numbers in a list and divide it with the length of the list.,"sum_num((8, 2, 3, 0, 7))=4.0","sum_num((-10,-20,-30))=-20.0","sum_num((19,15,18))=17.333333333333332"
Write a Coq function to check whether the given number is odd or not using bitwise operator.,is_odd(5) = True,is_odd(6) = False,is_odd(7) = True
Write a function to substract the elements of the given nested tuples.,"substract_elements(((1, 3), (4, 5), (2, 9), (1, 10)), ((6, 7), (3, 9), (1, 1), (7, 3))) = ((-5, -4), (1, -4), (1, 8), (-6, 7))","substract_elements(((13, 4), (14, 6), (13, 10), (12, 11)), ((19, 8), (14, 10), (12, 2), (18, 4))) = ((-6, -4), (0, -4), (1, 8), (-6, 7))","substract_elements(((19, 5), (18, 7), (19, 11), (17, 12)), ((12, 9), (17, 11), (13, 3), (19, 5))) = ((7, -4), (1, -4), (6, 8), (-2, 7))"
Write a function to reverse each list in a given list of lists.,"reverse_list_lists([[1, 2, 3, 4], [5, 6, 7, 8], [9, 10, 11, 12], [13, 14, 15, 16]])=[[4, 3, 2, 1], [8, 7, 6, 5], [12, 11, 10, 9], [16, 15, 14, 13]]","reverse_list_lists([[1,2],[2,3],[3,4]])=[[2,1],[3,2],[4,3]]","reverse_list_lists([[10,20],[30,40]])=[[20,10],[40,30]]"
Write a Coq function to find the index of an extra element present in one sorted array.,"find_Extra([1,2,3,4],[1,2,3],3) = 3","find_Extra([2,4,6,8,10],[2,4,6,8],4) = 4","find_Extra([1,3,5,7,9,11],[1,3,5,7,9],5) = 5"
Write a Coq function to check whether the given two numbers have same number of digits or not.,"same_Length(12,1) = False","same_Length(2,2) = True","same_Length(10,20) = True"
Write a function to remove multiple spaces in a string.,remove_spaces('python  program')=('python program'),remove_spaces('python   programming    language')=('python programming language'),remove_spaces('python                     program')=('python program')
Write a Coq function to get the last element of each sublist.,"Extract([[1, 2, 3], [4, 5], [6, 7, 8, 9]]) = [3, 5, 9]","Extract([['x', 'y', 'z'], ['m'], ['a', 'b'], ['u', 'v']]) = ['z', 'm', 'b', 'v']","Extract([[1, 2, 3], [4, 5]]) = [3, 5]"
Write a function to convert the given string of float type into tuple.,"float_to_tuple(""1.2, 1.3, 2.3, 2.4, 6.5"") = (1.2, 1.3, 2.3, 2.4, 6.5)","float_to_tuple(""2.3, 2.4, 5.6, 5.4, 8.9"") = (2.3, 2.4, 5.6, 5.4, 8.9)","float_to_tuple(""0.3, 0.5, 7.8, 9.4"") = (0.3, 0.5, 7.8, 9.4)"
Write a function to find the maximum sum of subsequences of given array with no adjacent elements.,"max_sum_subseq([1, 2, 9, 4, 5, 0, 4, 11, 6]) = 26","max_sum_subseq([1, 2, 9, 5, 6, 0, 5, 12, 7]) = 28","max_sum_subseq([1, 3, 10, 5, 6, 0, 6, 14, 21]) = 44"
Write a function to sort a list in increasing order by the last element in each tuple from a given list of non-empty tuples.,"sort_list_last([(2, 5), (1, 2), (4, 4), (2, 3), (2, 1)])=[(2, 1), (1, 2), (2, 3), (4, 4), (2, 5)] ","sort_list_last([(9,8), (4, 7), (3,5), (7,9), (1,2)])=[(1,2), (3,5), (4,7), (9,8), (7,9)] ","sort_list_last([(20,50), (10,20), (40,40)])=[(10,20),(40,40),(20,50)] "
Write a Coq function to check whether the word is present in a given sentence or not.,"is_Word_Present(""machine learning"",""machine"") = True","is_Word_Present(""easy"",""fun"") = False","is_Word_Present(""python language"",""code"") = False"
"Write a function to extract specified number of elements from a given list, which follow each other continuously.","extract_elements([1, 1, 3, 4, 4, 5, 6, 7],2)=[1, 4]","extract_elements([0, 1, 2, 3, 4, 4, 4, 4, 5, 7],4)=[4]","extract_elements([0,0,0,0,0],5)=[0]"
Write a Coq function to check whether an array can be sorted or not by picking only the corner elements.,"check([3,2,1,2,3,4],6) = True","check([2,1,4,5,1],5) = True","check([1,2,2,1,2,3],6) = True"
Write a function where a string will start with a specific number.,match_num('5-2345861')=True,match_num('6-2345861')=False,match_num('78910')=False
Write a function to find the smallest multiple of the first n numbers.,smallest_multiple(13)=360360,smallest_multiple(2)=2,smallest_multiple(1)=1
Write a function to combine two dictionaries by adding values for common keys.,"add_dict({'a': 100, 'b': 200, 'c':300},{'a': 300, 'b': 200, 'd':400})=({'b': 400, 'd': 400, 'a': 400, 'c': 300}) ","add_dict({'a': 500, 'b': 700, 'c':900},{'a': 500, 'b': 600, 'd':900})=({'b': 1300, 'd': 900, 'a': 1000, 'c': 900}) ","add_dict({'a':900,'b':900,'d':900},{'a':900,'b':900,'d':900})=({'b': 1800, 'd': 1800, 'a': 1800})"
Write a Coq function to count the total unset bits from 1 to n.,count_Unset_Bits(2) = 1,count_Unset_Bits(5) = 4,count_Unset_Bits(14) = 17
Write a function to return true if the given number is even else return false.,even_num(13.5)=False,even_num(0)=True,even_num(-9)=False
Write a Coq function to find the sum of squares of binomial co-efficients.,sum_of_square(4) = 70,sum_of_square(5) = 252,sum_of_square(2) = 6
"Write a function to extract year, month and date from a url by using regex.","extract_date(""https://www.washingtonpost.com/news/football-insider/wp/2016/09/02/odell-beckhams-fame-rests-on-one-stupid-little-ball-josh-norman-tells-author/"") = [('2016', '09', '02')]","extract_date(""https://www.indiatoday.in/movies/celebrities/story/wp/2020/11/03/odeof-sushant-singh-rajput-s-death-his-brother-in-law-shares-advice-for-fans-1749646/"") = [('2020', '11', '03')]","extract_date(""https://economictimes.indiatimes.com/news/economy/2020/12/29/finance/pension-assets-under-pfrda-touch-rs-5-32-lakh-crore/articleshow/79736619.cms"") = [('2020', '12', '29')]"
Write a function to print the first n lucky numbers.,"lucky_num(10)=[1, 3, 7, 9, 13, 15, 21, 25, 31, 33] ","lucky_num(5)=[1, 3, 7, 9, 13]","lucky_num(8)=[1, 3, 7, 9, 13, 15, 21, 25]"
Write a function to find the fixed point in the given array.,"find_fixed_point([-10, -1, 0, 3, 10, 11, 30, 50, 100],9) = 3","find_fixed_point([1, 2, 3, 4, 5, 6, 7, 8],8) = -1","find_fixed_point([0, 2, 5, 8, 17],5) = 0"
Write a function to find the previous palindrome of a specified number.,previous_palindrome(99)=88,previous_palindrome(1221)=1111,previous_palindrome(120)=111
Write a function to validate a gregorian date.,"check_date(11,11,2002)=True","check_date(13,11,2002)=False","check_date('11','11','2002')=True"
Write a function to compute maximum product of three numbers of a given array of integers using heap queue algorithm.,"maximum_product( [12, 74, 9, 50, 61, 41])=225700","maximum_product([25, 35, 22, 85, 14, 65, 75, 25, 58])=414375","maximum_product([18, 14, 10, 9, 8, 7, 9, 3, 2, 4, 1])=2520"
"Write a function to find ln, m lobb number.","int(lobb_num(5, 3)) = 35","int(lobb_num(3, 2)) = 5","int(lobb_num(4, 2)) = 20"
Write a function to check for a number at the end of a string.,end_num('abcdef')=False,end_num('abcdef7')=True,end_num('abc')=False
Write a Coq function to check whether the given string is made up of two alternating characters or not.,"is_Two_Alter(""abab"") = True","is_Two_Alter(""aaaa"") = False","is_Two_Alter(""xyz"") = False"
Write a function to rearrange positive and negative numbers in a given array using lambda function.,"rearrange_numbs([-1, 2, -3, 5, 7, 8, 9, -10])=[2, 5, 7, 8, 9, -10, -3, -1]","rearrange_numbs([10,15,14,13,-18,12,-20])=[10, 12, 13, 14, 15, -20, -18]","rearrange_numbs([-20,20,-10,10,-30,30])=[10, 20, 30, -30, -20, -10]"
Write a function to find if there is a triplet in the array whose sum is equal to a given value.,"find_triplet_array([1, 4, 45, 6, 10, 8], 6, 22) = (4, 10, 8)","find_triplet_array([12, 3, 5, 2, 6, 9], 6, 24) = (12, 3, 9)","find_triplet_array([1, 2, 3, 4, 5], 5, 9) = (1, 3, 5)"
Write a function to find the sequences of one upper case letter followed by lower case letters.,"text_uppercase_lowercase(""AaBbGg"")=('Found a match!')","text_uppercase_lowercase(""aA"")=('Not matched!')","text_uppercase_lowercase(""PYTHON"")=('Not matched!')"
Write a function to count coin change.,"coin_change([1, 2, 3],3,4)=4","coin_change([4,5,6,7,8,9],6,9)=2","coin_change([4,5,6,7,8,9],6,4)=1"
Write a Coq function to multiply all items in the list.,"multiply_list([1,-2,3]) = -6","multiply_list([1,2,3,4]) = 24","multiply_list([3,1,2,3]) = 18"
Write a function to remove all tuples with all none values in the given tuple list.,"remove_tuple([(None, 2), (None, None), (3, 4), (12, 3), (None, )] ) = '[(None, 2), (3, 4), (12, 3)]'","remove_tuple([(None, None), (None, None), (3, 6), (17, 3), (None,1 )] ) = '[(3, 6), (17, 3), (None, 1)]'","remove_tuple([(1, 2), (2, None), (3, None), (24, 3), (None, None )] ) = '[(1, 2), (2, None), (3, None), (24, 3)]'"
Write a function to perform chunking of tuples each of size n.,"chunk_tuples((10, 4, 5, 6, 7, 6, 8, 3, 4), 3) = [(10, 4, 5), (6, 7, 6), (8, 3, 4)]","chunk_tuples((1, 2, 3, 4, 5, 6, 7, 8, 9), 2) = [(1, 2), (3, 4), (5, 6), (7, 8), (9,)]","chunk_tuples((11, 14, 16, 17, 19, 21, 22, 25), 4) = [(11, 14, 16, 17), (19, 21, 22, 25)]"
Write a function to find a pair with the highest product from a given array of integers.,"max_product([1, 2, 3, 4, 7, 0, 8, 4])=(7, 8)","max_product([0, -1, -2, -4, 5, 0, -6])=(-4, -6)","max_product([1, 3, 5, 6, 8, 9])=(8,9)"
Write a function to find the length of the shortest string that has both str1 and str2 as subsequences.,"super_seq(""AGGTAB"", ""GXTXAYB"", 6, 7) = 9","super_seq(""feek"", ""eke"", 4, 3) = 5","super_seq(""PARRT"", ""RTA"", 5, 3) = 6"
Write a function to find maximum of two numbers.,"max_of_two(10,20)=20","max_of_two(19,15)=19","max_of_two(-10,-20)=-10"
Write a Coq function to calculate the product of all the numbers of a given tuple.,"mutiple_tuple((4, 3, 2, 2, -1, 18)) = -864","mutiple_tuple((1,2,3)) = 6","mutiple_tuple((-2,-4,-6)) = -48"
Write a function to find n-th rencontres number.,"rencontres_number(7, 2) = 924","rencontres_number(3, 0) = 2","rencontres_number(3, 1) = 3"
Write a function to calculate the height of the given binary tree.,(max_height(root)) = 3,(max_height(root1)) = 5 ,(max_height(root2)) = 4
Write a function to convert a date of yyyy-mm-dd format to dd-mm-yyyy format.,change_date_format('2026-01-02')='02-01-2026',change_date_format('2021-01-04')='04-01-2021',change_date_format('2030-06-06')='06-06-2030'
Write a function to count repeated items of a tuple.,"count_tuplex((2, 4, 5, 6, 2, 3, 4, 4, 7),4)=3","count_tuplex((2, 4, 5, 6, 2, 3, 4, 4, 7),2)=2","count_tuplex((2, 4, 7, 7, 7, 3, 4, 4, 7),7)=4"
Write a function that matches a string that has an a followed by zero or more b's by using regex.,"text_match(""msb"") = 'Not matched!'","text_match(""a0c"") = 'Found a match!'","text_match(""abbc"") = 'Found a match!'"
Write a function to calculate the sum of series 1³+2³+3³+….+n³.,sum_series(7)=784,sum_series(5)=225,sum_series(15)=14400
Write a function to remove duplicate words from a given list of strings.,"remove_duplic_list([""Python"", ""Exercises"", ""Practice"", ""Solution"", ""Exercises""])=['Python', 'Exercises', 'Practice', 'Solution']","remove_duplic_list([""Python"", ""Exercises"", ""Practice"", ""Solution"", ""Exercises"",""Java""])=['Python', 'Exercises', 'Practice', 'Solution', 'Java']","remove_duplic_list([""Python"", ""Exercises"", ""Practice"", ""Solution"", ""Exercises"",""C++"",""C"",""C++""])=['Python', 'Exercises', 'Practice', 'Solution','C++','C']"
Write a function to convert camel case string to snake case string by using regex.,camel_to_snake('GoogleAssistant') = 'google_assistant',camel_to_snake('ChromeCast') = 'chrome_cast',camel_to_snake('QuadCore') = 'quad_core'
Write a function to find the nth delannoy number.,"dealnnoy_num(3, 4) = 129","dealnnoy_num(3, 3) = 63","dealnnoy_num(4, 5) = 681"
Write a function to calculate the sum of series 1²+2²+3²+….+n².,series_sum(6)=91,series_sum(7)=140,series_sum(12)=650
Write a function to re-arrange the given tuples based on the given ordered list.,"re_arrange_tuples([(4, 3), (1, 9), (2, 10), (3, 2)],  [1, 4, 2, 3]) = [(1, 9), (4, 3), (2, 10), (3, 2)]","re_arrange_tuples([(5, 4), (2, 10), (3, 11), (4, 3)],  [3, 4, 2, 3]) = [(3, 11), (4, 3), (2, 10), (3, 11)]","re_arrange_tuples([(6, 3), (3, 8), (5, 7), (2, 4)],  [2, 5, 3, 6]) = [(2, 4), (5, 7), (3, 8), (6, 3)]"
Write a function to count the most common character in a given string.,"max_char(""hello world"")=('l')","max_char(""hello "")=('l')","max_char(""python pr"")=('p')"
Write a function to find three closest elements from three sorted arrays.,"find_closet([1, 4, 10],[2, 15, 20],[10, 12],3,3,2) = (10, 15, 10)","find_closet([20, 24, 100],[2, 19, 22, 79, 800],[10, 12, 23, 24, 119],3,5,5) = (24, 22, 23)","find_closet([2, 5, 11],[3, 16, 21],[11, 13],3,3,2) = (11, 16, 11)"
Write a function to sort a list of dictionaries using lambda function.,"sorted_models([{'make':'Nokia', 'model':216, 'color':'Black'}, {'make':'Mi Max', 'model':2, 'color':'Gold'}, {'make':'Samsung', 'model': 7, 'color':'Blue'}])=[{'make': 'Nokia', 'model': 216, 'color': 'Black'}, {'make': 'Samsung', 'model': 7, 'color': 'Blue'}, {'make': 'Mi Max', 'model': 2, 'color': 'Gold'}]","sorted_models([{'make':'Vivo', 'model':20,'color':'Blue'},{'make': 'oppo','model':17,'color':'Gold'},{'make':'Apple','model':11,'color':'red'}])=([{'make':'Vivo', 'model':20,'color':'Blue'},{'make': 'oppo','model':17,'color':'Gold'},{'make':'Apple','model':11,'color':'red'}])","sorted_models([{'make':'micromax','model':40,'color':'grey'},{'make':'poco','model':60,'color':'blue'}])=([{'make':'poco','model':60,'color':'blue'},{'make':'micromax','model':40,'color':'grey'}])"
Write a function to sort the given array by using heap sort.,"heap_sort([12, 2, 4, 5, 2, 3]) = [2, 2, 3, 4, 5, 12]","heap_sort([32, 14, 5, 6, 7, 19]) = [5, 6, 7, 14, 19, 32]","heap_sort([21, 15, 29, 78, 65]) = [15, 21, 29, 65, 78]"
Write a function to count the elements in a list until an element is a tuple.,"count_elim([10,20,30,(10,20),40])=3","count_elim([10,(20,30),(10,20),40])=1","count_elim([(10,(20,30,(10,20),40))])=0"
Write a function to check if any list element is present in the given list.,"check_element((4, 5, 7, 9, 3),  [6, 7, 10, 11]) = True","check_element((1, 2, 3, 4),  [4, 6, 7, 8, 9]) = True","check_element((3, 2, 1, 4, 5),  [9, 8, 7, 6]) = False"
Write a function to combine two given sorted lists using heapq module.,"combine_lists([1, 3, 5, 7, 9, 11],[0, 2, 4, 6, 8, 10])=[0, 1, 2, 3, 4, 5, 6, 7, 8, 9, 10, 11]","combine_lists([1, 3, 5, 6, 8, 9], [2, 5, 7, 11])=[1,2,3,5,5,6,7,8,9,11]","combine_lists([1,3,7],[2,4,6])=[1,2,3,4,6,7]"
Write a function to separate and print the numbers and their position of a given string.,"num_position(""there are 70 flats in this apartment"")=10","num_position(""every adult have 32 teeth"")=17","num_position(""isha has 79 chocolates in her bag"")=9"
Write a function to convert the given tuples into set.,"tuple_to_set(('x', 'y', 'z') ) = {'y', 'x', 'z'}","tuple_to_set(('a', 'b', 'c') ) = {'c', 'a', 'b'}","tuple_to_set(('z', 'd', 'e') ) = {'d', 'e', 'z'}"
Write a function to find the most common elements and their counts of a specified text.,"most_common_elem('lkseropewdssafsdfafkpwe',3)=[('s', 4), ('e', 3), ('f', 3)] ","most_common_elem('lkseropewdssafsdfafkpwe',2)=[('s', 4), ('e', 3)]","most_common_elem('lkseropewdssafsdfafkpwe',7)=[('s', 4), ('e', 3), ('f', 3), ('k', 2), ('p', 2), ('w', 2), ('d', 2)]"
Write a Coq function to find the length of the shortest word.,"len_log([""win"",""lose"",""great""]) = 3","len_log([""a"",""ab"",""abc""]) = 1","len_log([""12"",""12"",""1234""]) = 2"
Write a function to get an item of a tuple.,"get_item((""w"", 3, ""r"", ""e"", ""s"", ""o"", ""u"", ""r"", ""c"", ""e""),3)=('e')","get_item((""w"", 3, ""r"", ""e"", ""s"", ""o"", ""u"", ""r"", ""c"", ""e""),-4)=('u')","get_item((""w"", 3, ""r"", ""e"", ""s"", ""o"", ""u"", ""r"", ""c"", ""e""),-3)=('r')"
Write a function to sort the given tuple list basis the total digits in tuple.,"sort_list([(3, 4, 6, 723), (1, 2), (12345,), (134, 234, 34)] ) = '[(1, 2), (12345,), (3, 4, 6, 723), (134, 234, 34)]'","sort_list([(3, 4, 8), (1, 2), (1234335,), (1345, 234, 334)] ) = '[(1, 2), (3, 4, 8), (1234335,), (1345, 234, 334)]'","sort_list([(34, 4, 61, 723), (1, 2), (145,), (134, 23)] ) = '[(1, 2), (145,), (134, 23), (34, 4, 61, 723)]'"
Write a function to display sign of the chinese zodiac for given year.,chinese_zodiac(1997)=('Ox'),chinese_zodiac(1998)=('Tiger'),chinese_zodiac(1994)=('Dog')
Write a function to find the maximum of similar indices in two lists of tuples.,"max_similar_indices([(2, 4), (6, 7), (5, 1)],[(5, 4), (8, 10), (8, 14)]) = [(5, 4), (8, 10), (8, 14)]","max_similar_indices([(3, 5), (7, 8), (6, 2)],[(6, 5), (9, 11), (9, 15)]) = [(6, 5), (9, 11), (9, 15)]","max_similar_indices([(4, 6), (8, 9), (7, 3)],[(7, 6), (10, 12), (10, 16)]) = [(7, 6), (10, 12), (10, 16)]"
Write a function to compute the value of ncr mod p.,"nCr_mod_p(10, 2, 13) = 6","nCr_mod_p(11, 3, 14) = 11","nCr_mod_p(18, 14, 19) = 1"
Write a Coq function to find the minimun number of subsets with distinct elements.,"subset([1, 2, 3, 4],4) = 1","subset([5, 6, 9, 3, 4, 3, 4],7) = 2","subset([1, 2, 3 ],3) = 1"
Write a function that gives profit amount if the given amount has profit else return none.,"profit_amount(1500,1200)=300","profit_amount(100,200)=None","profit_amount(2000,5000)=None"
"Write a function to find out, if the given number is abundant.",is_abundant(12)=True,is_abundant(13)=False,is_abundant(9)=False
Write a function to split the given string at uppercase letters by using regex.,"split_list(""LearnToBuildAnythingWithGoogle"") = ['Learn', 'To', 'Build', 'Anything', 'With', 'Google']","split_list(""ApmlifyingTheBlack+DeveloperCommunity"") = ['Apmlifying', 'The', 'Black+', 'Developer', 'Community']","split_list(""UpdateInTheGoEcoSystem"") = ['Update', 'In', 'The', 'Go', 'Eco', 'System']"
Write a Coq function to get the position of rightmost set bit.,get_First_Set_Bit_Pos(12) = 3,get_First_Set_Bit_Pos(18) = 2,get_First_Set_Bit_Pos(16) = 5
Write a function to convert an integer into a roman numeral.,"int_to_roman(1)=(""I"")","int_to_roman(50)=(""L"")","int_to_roman(4)=(""IV"")"
Write a Coq function to find the average of a list.,"Average([15, 9, 55, 41, 35, 20, 62, 49]) = 35.75","Average([4, 5, 1, 2, 9, 7, 10, 8]) = 5.75","Average([1,2,3]) = 2"
Write a function to solve tiling problem.,get_noOfways(4)=3,get_noOfways(3)=2,get_noOfways(5)=5
Write a function to convert a roman numeral to an integer.,roman_to_int('MMMCMLXXXVI')=3986,roman_to_int('MMMM')=4000,roman_to_int('C')=100
Write a Coq function to find the sum of all even natural numbers within the range l and r.,"sum_Even(2,5) = 6","sum_Even(3,8) = 18","sum_Even(4,6) = 10"
Write a function to calculate the discriminant value.,"discriminant_value(4,8,2)=(""Two solutions"",32)","discriminant_value(5,7,9)=(""no real solution"",-131)","discriminant_value(0,0,9)=(""one solution"",0)"
Write a Coq function to check whether the length of the word is even or not.,"word_len(""program"") = False","word_len(""solution"") = True","word_len(""data"") = True"
Write a function to convert camel case string to snake case string.,camel_to_snake('PythonProgram')=('python_program'),camel_to_snake('pythonLanguage')=('python_language'),camel_to_snake('ProgrammingLanguage')=('programming_language')
Write a function to remove an empty tuple from a list of tuples.,"remove_empty([(), (), ('',), ('a', 'b'), ('a', 'b', 'c'), ('d')])=[('',), ('a', 'b'), ('a', 'b', 'c'), 'd']  ","remove_empty([(), (), ('',), (""python""), (""program"")])=[('',), (""python""), (""program"")]  ","remove_empty([(), (), ('',), (""java"")])=[('',),(""java"") ]  "
Write a Coq function to accept the strings which contains all vowels.,"check(""SEEquoiaL"") = 'accepted'","check('program') = ""not accepted""","check('fine') = ""not accepted"""
Write a Coq function to find maximum possible value for the given periodic function.,"floor_Max(11,10,9) = 9","floor_Max(5,7,4) = 2","floor_Max(2,2,1) = 1"
Write a function to join the tuples if they have similar initial elements.,"join_tuples([(5, 6), (5, 7), (6, 8), (6, 10), (7, 13)] ) = [(5, 6, 7), (6, 8, 10), (7, 13)]","join_tuples([(6, 7), (6, 8), (7, 9), (7, 11), (8, 14)] ) = [(6, 7, 8), (7, 9, 11), (8, 14)]","join_tuples([(7, 8), (7, 9), (8, 10), (8, 12), (9, 15)] ) = [(7, 8, 9), (8, 10, 12), (9, 15)]"
Write a function to find minimum of two numbers.,"min_of_two(10,20)=10","min_of_two(19,15)=15","min_of_two(-10,-20)=-20"
"Write a function to find the maximum number of segments of lengths a, b and c that can be formed from n.","maximum_segments(7, 5, 2, 5) = 2","maximum_segments(17, 2, 1, 3) = 17","maximum_segments(18, 16, 3, 6) = 6"
Write a function to concatenate the given two tuples to a nested tuple.,"concatenate_nested((3, 4), (5, 6)) = (3, 4, 5, 6)","concatenate_nested((1, 2), (3, 4)) = (1, 2, 3, 4)","concatenate_nested((4, 5), (6, 8)) = (4, 5, 6, 8)"
Write a Coq function to left rotate the string.,"left_rotate(""python"",2) = ""thonpy""   ","left_rotate(""bigdata"",3 ) = ""databig"" ","left_rotate(""hadoop"",1 ) = ""adooph"" "
Write a function to find the minimum total path sum in the given triangle.,"min_sum_path([[ 2 ], [3, 9 ], [1, 6, 7 ]]) = 6","min_sum_path([[ 2 ], [3, 7 ], [8, 5, 6 ]]) = 10 ","min_sum_path([[ 3 ], [6, 4 ], [5, 2, 7 ]]) = 9"
